#
# There is insufficient memory for the Java Runtime Environment to continue.
# Native memory allocation (malloc) failed to allocate 1027328 bytes. Error detail: Chunk::new
# Possible reasons:
#   The system is out of physical RAM or swap space
#   This process is running with CompressedOops enabled, and the Java Heap may be blocking the growth of the native heap
# Possible solutions:
#   Reduce memory load on the system
#   Increase physical memory or swap space
#   Check if swap backing store is full
#   Decrease Java heap size (-Xmx/-Xms)
#   Decrease number of Java threads
#   Decrease Java thread stack sizes (-Xss)
#   Set larger code cache with -XX:ReservedCodeCacheSize=
#   JVM is running with Unscaled Compressed Oops mode in which the Java heap is
#     placed in the first 4GB address space. The Java Heap base address is the
#     maximum limit for the native heap growth. Please use -XX:HeapBaseMinAddress
#     to set the Java Heap base and to place the Java Heap above 4GB virtual address.
# This output file may be truncated or incomplete.
#
#  Out of Memory Error (arena.cpp:168), pid=14300, tid=25288
#
# JRE version: OpenJDK Runtime Environment Temurin-21.0.12.1+1 (21.0.12.1+1) (build 21.0.12.1+1-LTS)
# Java VM: OpenJDK 64-Bit Server VM Temurin-21.0.12.1+1 (21.0.12.1+1-LTS, mixed mode, sharing, tiered, compressed oops, compressed class ptrs, parallel gc, windows-amd64)
# No core dump will be written. Minidumps are not enabled by default on client versions of Windows
#

---------------  S U M M A R Y ------------

Command Line: --add-modules=ALL-SYSTEM --add-opens=java.base/java.util=ALL-UNNAMED --add-opens=java.base/java.lang=ALL-UNNAMED --add-opens=java.base/sun.nio.fs=ALL-UNNAMED -Declipse.application=org.eclipse.jdt.ls.core.id1 -Dosgi.bundles.defaultStartLevel=4 -Declipse.product=org.eclipse.jdt.ls.core.product -Djava.import.generatesMetadataFilesAtProjectRoot=false -Dm2e.project.cache.size=50 -DDetectVMInstallationsJob.disabled=true -Dfile.encoding=utf8 -XX:+UseParallelGC -XX:GCTimeRatio=4 -XX:AdaptiveSizePolicyWeight=90 -Dsun.zip.disableMemoryMapping=true -Xmx2G -Xms100m -Xlog:disable -javaagent:c:\Users\pranj\.vscode\extensions\redhat.java-1.56.0-win32-x64\lombok\lombok-1.18.39-4050.jar -XX:+HeapDumpOnOutOfMemoryError -XX:HeapDumpPath=c:\Users\pranj\AppData\Roaming\Code\User\workspaceStorage\13bbd024f32334e9f4d3f1f7c7ce5339\redhat.java -Daether.dependencyCollector.impl=bf c:\Users\pranj\.vscode\extensions\redhat.java-1.56.0-win32-x64\server\plugins\org.eclipse.equinox.launcher_1.8.0.v20260804-1928.jar -configuration c:\Users\pranj\AppData\Roaming\Code\User\globalStorage\redhat.java\1.56.0\config_win -data c:\Users\pranj\AppData\Roaming\Code\User\workspaceStorage\13bbd024f32334e9f4d3f1f7c7ce5339\redhat.java\jdt_ws --stdio

Host: 11th Gen Intel(R) Core(TM) i5-11320H @ 3.20GHz, 8 cores, 15G,  Windows 11 , 64 bit Build 26100 (10.0.26100.9444)
Time: Sun Oct  4 15:31:07 2026 India Standard Time elapsed time: 718.225017 seconds (0d 0h 11m 58s)

---------------  T H R E A D  ---------------

Current thread (0x0000022cbc4ad7e0):  JavaThread "C2 CompilerThread0" daemon [_thread_in_native, id=25288, stack(0x000000324ff00000,0x0000003250000000) (1024K)]


Current CompileTask:
C2:718225 17807       4       org.eclipse.jdt.ls.core.internal.handlers.BundleUtils::getBundles (180 bytes)

Stack: [0x000000324ff00000,0x0000003250000000]
Native frames: (J=compiled Java code, j=interpreted, Vv=VM code, C=native code)
V  [jvm.dll+0x6d83e9]
V  [jvm.dll+0x8b5736]
V  [jvm.dll+0x8b7cee]
V  [jvm.dll+0x8b83d3]
V  [jvm.dll+0x284596]
V  [jvm.dll+0xc685d]
V  [jvm.dll+0xc6da1]
V  [jvm.dll+0x3bf18b]
V  [jvm.dll+0x38b6d2]
V  [jvm.dll+0x38ab1a]
V  [jvm.dll+0x24c700]
V  [jvm.dll+0x24bce0]
V  [jvm.dll+0x1cb4ae]
V  [jvm.dll+0x25baad]
V  [jvm.dll+0x25a03a]
V  [jvm.dll+0x3f8aae]
V  [jvm.dll+0x8600cd]
V  [jvm.dll+0x6d6c1d]
C  [ucrtbase.dll+0x2cd30]
C  [KERNEL32.DLL+0x2cd87]
C  [ntdll.dll+0xacaec]


---------------  P R O C E S S  ---------------

Threads class SMR info:
_java_thread_list=0x0000022cff8ddd00, length=594, elements={
0x0000022ca37d6100, 0x0000022cbc49a1e0, 0x0000022cbc4a1d20, 0x0000022cbc4a2980,
0x0000022cbc4a55f0, 0x0000022cbc4a9170, 0x0000022cbc4a9bd0, 0x0000022cbc4ad7e0,
0x0000022cbc4cdb30, 0x0000022cff008c70, 0x0000022cff25c530, 0x0000022cff6295a0,
0x0000022cff5f4fd0, 0x0000022cff795730, 0x0000022cff74c260, 0x0000022c84583750,
0x0000022c8469ed30, 0x0000022c842039f0, 0x0000022c84777e50, 0x0000022c84775d80,
0x0000022c84776410, 0x0000022c84775060, 0x0000022c87bbc1b0, 0x0000022c87bbb490,
0x0000022c87bb9a50, 0x0000022c87bbced0, 0x0000022c87bba770, 0x0000022c87bbc840,
0x0000022c87bbbb20, 0x0000022c87bba0e0, 0x0000022c87bbd560, 0x0000022c87bbdbf0,
0x0000022c86888de0, 0x0000022c86889470, 0x0000022c86888750, 0x0000022c8688aeb0,
0x0000022c869c1a40, 0x0000022c869c0d20, 0x0000022c869c20d0, 0x0000022c869c0690,
0x0000022c869c13b0, 0x0000022c869c2df0, 0x0000022c869c2760, 0x0000022c869bf970,
0x0000022c869c0000, 0x0000022c869c4ec0, 0x0000022c869c3480, 0x0000022c869c5be0,
0x0000022c869c41a0, 0x0000022c869c6270, 0x0000022c869c6900, 0x0000022c87bbe280,
0x0000022c87bbf630, 0x0000022c87bc09e0, 0x0000022c86a35f30, 0x0000022c86a34b80,
0x0000022c86a38d20, 0x0000022c86828420, 0x0000022c8682b210, 0x0000022c86827d90,
0x0000022c8682b8a0, 0x0000022c8682d970, 0x0000022c8682c5c0, 0x0000022c8682e000,
0x0000022c92436f60, 0x0000022c9243aa70, 0x0000022c92435bb0, 0x0000022c9243b100,
0x0000022c8682cc50, 0x0000022c87cfcba0, 0x0000022c87d020f0, 0x0000022c87411b30,
0x0000022c87410780, 0x0000022c891e8e50, 0x0000022c891e8130, 0x0000022c87d00020,
0x0000022c87de99e0, 0x0000022c87debab0, 0x0000022c87dea070, 0x0000022c87deb420,
0x0000022c87def5c0, 0x0000022c87defc50, 0x0000022c87deef30, 0x0000022c87df02e0,
0x0000022c88802a60, 0x0000022c88804b30, 0x0000022c888051c0, 0x0000022c88803780,
0x0000022c88809360, 0x0000022c87cfe5e0, 0x0000022c87cfd8c0, 0x0000022c87cfc510,
0x0000022c87d013d0, 0x0000022c92438310, 0x0000022c8682f3b0, 0x0000022c8682ed20,
0x0000022c87cfdf50, 0x0000022c891e66f0, 0x0000022c87413570, 0x0000022c88806570,
0x0000022c87d00d40, 0x0000022c88808cd0, 0x0000022c9243be20, 0x0000022c87d01a60,
0x0000022c891e94e0, 0x0000022c85c35b50, 0x0000022c85c34110, 0x0000022c85c37590,
0x0000022c85c354c0, 0x0000022c85c347a0, 0x0000022c85c38940, 0x0000022c85c3b730,
0x0000022c85c3aa10, 0x0000022c85c39660, 0x0000022c85c38fd0, 0x0000022c85c3e520,
0x0000022c85c3de90, 0x0000022c85c40c80, 0x0000022c85c3ebb0, 0x0000022c85c3f240,
0x0000022c85c3f8d0, 0x0000022c85c3d170, 0x0000022c85c426c0, 0x0000022c87412850,
0x0000022c891e87c0, 0x0000022c87de9350, 0x0000022c85c3d800, 0x0000022c87d034a0,
0x0000022c85c42d50, 0x0000022c851ad8c0, 0x0000022c851ac510, 0x0000022c851aec70,
0x0000022c851af300, 0x0000022c851adf50, 0x0000022c851b13d0, 0x0000022c851b41c0,
0x0000022c851b7cd0, 0x0000022c851ba430, 0x0000022c86a38000, 0x0000022c86a37970,
0x0000022c9243c4b0, 0x0000022c86a39a40, 0x0000022c88803e10, 0x0000022c87bbae00,
0x0000022c851b4ee0, 0x0000022c891e6060, 0x0000022c851b8360, 0x0000022c851b5c00,
0x0000022c85c36870, 0x0000022c87cfd230, 0x0000022c851b9710, 0x0000022c931a2dd0,
0x0000022c931a0670, 0x0000022c931a0d00, 0x0000022c931a3af0, 0x0000022c931a6250,
0x0000022c931a4ea0, 0x0000022c931a7600, 0x0000022c931a89b0, 0x0000022c931a4810,
0x0000022c931a5bc0, 0x0000022c931aa3f0, 0x0000022c931adf00, 0x0000022c851ae5e0,
0x0000022c851b0020, 0x0000022c874121c0, 0x0000022c93d2c670, 0x0000022c93d2cd00,
0x0000022c93d31530, 0x0000022c93d2f460, 0x0000022c93d2e0b0, 0x0000022c93d2e740,
0x0000022c93d2da20, 0x0000022c93d2a5a0, 0x0000022c93d30ea0, 0x0000022c93d33c90,
0x0000022c93d349b0, 0x0000022c93d34320, 0x0000022c93d356d0, 0x0000022c93d33600,
0x0000022c93d37e30, 0x0000022c93d363f0, 0x0000022c93d36a80, 0x0000022c93d377a0,
0x0000022c93d30180, 0x0000022c931a3460, 0x0000022c931a4180, 0x0000022c931a96d0,
0x0000022c86a393b0, 0x0000022c86a365c0, 0x0000022c88805850, 0x0000022c88807920,
0x0000022c85c433e0, 0x0000022c85c405f0, 0x0000022c87dea700, 0x0000022c87de8cc0,
0x0000022c87dece60, 0x0000022c93d35040, 0x0000022c93d38b50, 0x0000022c851b7640,
0x0000022c851bb7e0, 0x0000022c92435520, 0x0000022c931ac4c0, 0x0000022c931ab110,
0x0000022c86a372e0, 0x0000022c8682bf30, 0x0000022c8682ab80, 0x0000022c85c3bdc0,
0x0000022c87cff990, 0x0000022c92439030, 0x0000022c86a3a0d0, 0x0000022c931af2b0,
0x0000022c88807290, 0x0000022c87bbe910, 0x0000022c87cfec70, 0x0000022c86829140,
0x0000022c868880c0, 0x0000022c851ad230, 0x0000022c874114a0, 0x0000022c85c3ff60,
0x0000022c85c41310, 0x0000022c868297d0, 0x0000022c87cff300, 0x0000022c87d02e10,
0x0000022c85c3a380, 0x0000022c851baac0, 0x0000022c847756f0, 0x0000022c86829e60,
0x0000022c851b89f0, 0x0000022c93d2edd0, 0x0000022c85c34e30, 0x0000022c88808640,
0x0000022c851b1a60, 0x0000022c851b2e10, 0x0000022c851bb150, 0x0000022c891e6d80,
0x0000022c891e7aa0, 0x0000022c85c3b0a0, 0x0000022c93d39870, 0x0000022c851b3b30,
0x0000022c87bbefa0, 0x0000022c87cfbe80, 0x0000022c924368d0, 0x0000022c87410e10,
0x0000022c87dedb80, 0x0000022c9e275270, 0x0000022c9e273ec0, 0x0000022c9e277340,
0x0000022c9e2779d0, 0x0000022c9e274be0, 0x0000022c9e274550, 0x0000022c9e2786f0,
0x0000022c9e27ae50, 0x0000022c9e275900, 0x0000022c9e276620, 0x0000022c9e27c890,
0x0000022c9e27b4e0, 0x0000022c9e27bb70, 0x0000022c9e27a130, 0x0000022c9e27c200,
0x0000022c9e279aa0, 0x0000022c9e279410, 0x0000022c9e2803a0, 0x0000022c9e273830,
0x0000022c9e2731a0, 0x0000022c9e27dc40, 0x0000022c9e27d5b0, 0x0000022c9e278d80,
0x0000022c9e27cf20, 0x0000022c9e281de0, 0x0000022c9e282470, 0x0000022c9e2810c0,
0x0000022c9e27e2d0, 0x0000022c9e27f680, 0x0000022c9e282b00, 0x0000022c9e283eb0,
0x0000022c9e281750, 0x0000022c9e27eff0, 0x0000022c9e283820, 0x0000022c9e283190,
0x0000022c9e27e960, 0x0000022c9e27fd10, 0x0000022c9e280a30, 0x0000022c9e287330,
0x0000022c9e286ca0, 0x0000022c9e2879c0, 0x0000022c9e284540, 0x0000022c9e289400,
0x0000022c9e286610, 0x0000022c9e276cb0, 0x0000022c9e288050, 0x0000022c9e28a120,
0x0000022c9e284bd0, 0x0000022c9e285f80, 0x0000022c9e28ae40, 0x0000022c9e28c1f0,
0x0000022c9e28bb60, 0x0000022c9e28b4d0, 0x0000022c9e278060, 0x0000022c9e28c880,
0x0000022c9e28f670, 0x0000022c9e288d70, 0x0000022c9e28fd00, 0x0000022c9e290a20,
0x0000022c9e28e2c0, 0x0000022c9e28e950, 0x0000022c9e291740, 0x0000022c9e28efe0,
0x0000022c9e2886e0, 0x0000022c931a2740, 0x0000022c931aec20, 0x0000022c931a1390,
0x0000022c85c39cf0, 0x0000022c8682e690, 0x0000022c9e28cf10, 0x0000022c9e289a90,
0x0000022c88805ee0, 0x0000022c85c36f00, 0x0000022c85c3c450, 0x0000022c93d31bc0,
0x0000022c93d2faf0, 0x0000022c93d32250, 0x0000022c924389a0, 0x0000022c888044a0,
0x0000022c9e28dc30, 0x0000022c93d2ac30, 0x0000022c851b6fb0, 0x0000022c931a7c90,
0x0000022c87ded4f0, 0x0000022c891e7410, 0x0000022c86a358a0, 0x0000022c88806c00,
0x0000022c9e292460, 0x0000022c8682d2e0, 0x0000022c9f431bc0, 0x0000022c9f431530,
0x0000022c9f430180, 0x0000022c9f42f460, 0x0000022c9f432250, 0x0000022c9f42faf0,
0x0000022c9f433c90, 0x0000022c9f417130, 0x0000022c9f417e50, 0x0000022c9f433600,
0x0000022c9f430810, 0x0000022c9f416410, 0x0000022c9f415060, 0x0000022c9f418b70,
0x0000022c9f432f70, 0x0000022c9f4156f0, 0x0000022c9f419200, 0x0000022c9f419890,
0x0000022c9f41da30, 0x0000022c9f415d80, 0x0000022c9f41cd10, 0x0000022c9f4184e0,
0x0000022c9f41c680, 0x0000022c9f416aa0, 0x0000022c9f41a5b0, 0x0000022c9f41ede0,
0x0000022c9f41fb00, 0x0000022c9f41b2d0, 0x0000022c9f421540, 0x0000022c9f424330,
0x0000022c9f41e750, 0x0000022c9f425d70, 0x0000022c9f425050, 0x0000022c9f423610,
0x0000022c9f427120, 0x0000022c9f423ca0, 0x0000022c9f4277b0, 0x0000022c9f426a90,
0x0000022c9f429f10, 0x0000022c9f427e40, 0x0000022c9f4284d0, 0x0000022c9f42bfe0,
0x0000022c9f41b960, 0x0000022c9f421bd0, 0x0000022c9f42da20, 0x0000022c9f4256e0,
0x0000022c9f422260, 0x0000022c9f422f80, 0x0000022c9f42c670, 0x0000022c9f42ac30,
0x0000022c9f428b60, 0x0000022c9f42e740, 0x0000022c9f42d390, 0x0000022c9f434320,
0x0000022c931ab7a0, 0x0000022c851b2780, 0x0000022c9e291dd0, 0x0000022c9e290390,
0x0000022c9e2910b0, 0x0000022c86a33e60, 0x0000022c85c3cae0, 0x0000022c924375f0,
0x0000022c851b4850, 0x0000022c9f41ac40, 0x0000022c8688a190, 0x0000022c874100f0,
0x0000022c9f429880, 0x0000022c9f94e900, 0x0000022c9f951060, 0x0000022c9f94dbe0,
0x0000022c9f950340, 0x0000022c9f9544e0, 0x0000022c9f952aa0, 0x0000022c9f955f20,
0x0000022c9f956c40, 0x0000022c9f95ade0, 0x0000022c9f95a0c0, 0x0000022c9f95a750,
0x0000022c9f957ff0, 0x0000022c9f955200, 0x0000022c9f958d10, 0x0000022c9f95c820,
0x0000022c9f960330, 0x0000022c9f962400, 0x0000022c9f961050, 0x0000022c9f961d70,
0x0000022c9f966c30, 0x0000022c9f9637b0, 0x0000022c9f953130, 0x0000022c9f954b70,
0x0000022c9f9651f0, 0x0000022c9f9593a0, 0x0000022c9f9644d0, 0x0000022c9f964b60,
0x0000022c9f9672c0, 0x0000022c9f968d00, 0x0000022c9f9665a0, 0x0000022c9f95ceb0,
0x0000022c9f96b460, 0x0000022c9f969a20, 0x0000022c9f952410, 0x0000022c9f4228f0,
0x0000022c9f41d3a0, 0x0000022c9f4249c0, 0x0000022c9f4291f0, 0x0000022c9f94d550,
0x0000022c9f9516f0, 0x0000022c9f9537c0, 0x0000022c9f95d540, 0x0000022c9f953e50,
0x0000022c9f95ef80, 0x0000022c9f959a30, 0x0000022c9f94e270, 0x0000022c9f9565b0,
0x0000022c9f94fcb0, 0x0000022c9f957960, 0x0000022c9f95c190, 0x0000022c9f95e260,
0x0000022c9f95e8f0, 0x0000022c9f95f610, 0x0000022c9f963e40, 0x0000022c9f967950,
0x0000022c9f96c180, 0x0000022c851b0d40, 0x0000022c851b5570, 0x0000022c851b9da0,
0x0000022c9f41e0c0, 0x0000022c9f42a5a0, 0x0000022c9f42b950, 0x0000022c9f42cd00,
0x0000022c9f95b470, 0x0000022c9f968670, 0x0000022c9f96c810, 0x0000022c9f95bb00,
0x0000022c9f95fca0, 0x0000022c9f96a0b0, 0x0000022c9f965f10, 0x0000022c92436240,
0x0000022c92437c80, 0x0000022c924396c0, 0x0000022c9243a3e0, 0x0000022c92434e90,
0x0000022c931a9040, 0x0000022c9319ffe0, 0x0000022c931a1a20, 0x0000022c931a6f70,
0x0000022c931abe30, 0x0000022c9f41f470, 0x0000022c9f41bff0, 0x0000022c9f426400,
0x0000022c9f420820, 0x0000022c9f42b2c0, 0x0000022c9f42e0b0, 0x0000022c9f419f20,
0x0000022c851b06b0, 0x0000022c851b6290, 0x0000022c851b6920, 0x0000022c9f96baf0,
0x0000022c9f967fe0, 0x0000022c9f9509d0, 0x0000022c93d2b2c0, 0x0000022c93d30810,
0x0000022c93d37110, 0x0000022c93d2d390, 0x0000022c9f9616e0, 0x0000022c931a20b0,
0x0000022c9f955890, 0x0000022c9f96a740, 0x0000022c9f963120, 0x0000022c86a32ab0,
0x0000022c931a68e0, 0x0000022c931aaa80, 0x0000022c931a8320, 0x0000022c931a9d60,
0x0000022c93d35d60, 0x0000022c93d32f70, 0x0000022c93d328e0, 0x0000022c9f420eb0,
0x0000022c9f4328e0, 0x0000022c87dec7d0, 0x0000022c87dee210, 0x0000022c87dee8a0,
0x0000022c87dead90, 0x0000022c847784e0, 0x0000022c847777c0, 0x0000022c93d384c0,
0x0000022c93d391e0, 0x0000022c851af990, 0x0000022c9f962a90, 0x0000022c9f95dbd0,
0x0000022c85c361e0, 0x0000022c85c42030, 0x0000022c85c37c20, 0x0000022c87bc1070,
0x0000022c87d006b0, 0x0000022c851b20f0, 0x0000022c86a35210, 0x0000022c888030f0,
0x0000022c888099f0, 0x0000022c92439d50, 0x0000022c9243b790, 0x0000022c869c5550,
0x0000022c9f965880, 0x0000022c87bbfcc0, 0x0000022c851b34a0, 0x0000022c84776aa0,
0x0000022c9e28d5a0, 0x0000022c9f42edd0, 0x0000022c8682a4f0, 0x0000022c931acb50,
0x0000022c851acba0, 0x0000022c86889b00, 0x0000022c869c3b10, 0x0000022d02478250,
0x0000022d02476810, 0x0000022d02475af0, 0x0000022d02476ea0, 0x0000022d02475460,
0x0000022d02478f70, 0x0000022d02477530, 0x0000022d02476180, 0x0000022d0247a320,
0x0000022d024788e0, 0x0000022d02479600, 0x0000022d02479c90, 0x0000022d0245de50,
0x0000022d0245d7c0, 0x0000022d0245d130, 0x0000022d0245eb70, 0x0000022d0245b6f0,
0x0000022d0245e4e0, 0x0000022d0245bd80, 0x0000022d02461960, 0x0000022d024612d0,
0x0000022d0245f890, 0x0000022d02460c40, 0x0000022d02464750, 0x0000022d02462680,
0x0000022d0245f200, 0x0000022d02463a30, 0x0000022d0245c410, 0x0000022d02464de0,
0x0000022d0245caa0, 0x0000022d0245b060, 0x0000022d02466190, 0x0000022d024688f0,
0x0000022d024633a0, 0x0000022d0245ff20, 0x0000022d02461ff0, 0x0000022d02462d10,
0x0000022d024605b0, 0x0000022d024640c0, 0x0000022d02467540, 0x0000022d02467bd0,
0x0000022d02468260, 0x0000022d02466eb0, 0x0000022d02465470, 0x0000022d02466820,
0x0000022d02468f80, 0x0000022d02465b00
}

Java Threads: ( => current thread )
  0x0000022ca37d6100 JavaThread "main"                              [_thread_blocked, id=25088, stack(0x000000324f500000,0x000000324f600000) (1024K)]
  0x0000022cbc49a1e0 JavaThread "Reference Handler"          daemon [_thread_blocked, id=27476, stack(0x000000324f900000,0x000000324fa00000) (1024K)]
  0x0000022cbc4a1d20 JavaThread "Finalizer"                  daemon [_thread_blocked, id=14832, stack(0x000000324fa00000,0x000000324fb00000) (1024K)]
  0x0000022cbc4a2980 JavaThread "Signal Dispatcher"          daemon [_thread_blocked, id=26608, stack(0x000000324fb00000,0x000000324fc00000) (1024K)]
  0x0000022cbc4a55f0 JavaThread "Attach Listener"            daemon [_thread_blocked, id=18356, stack(0x000000324fc00000,0x000000324fd00000) (1024K)]
  0x0000022cbc4a9170 JavaThread "Service Thread"             daemon [_thread_blocked, id=26892, stack(0x000000324fd00000,0x000000324fe00000) (1024K)]
  0x0000022cbc4a9bd0 JavaThread "Monitor Deflation Thread"   daemon [_thread_blocked, id=5048, stack(0x000000324fe00000,0x000000324ff00000) (1024K)]
=>0x0000022cbc4ad7e0 JavaThread "C2 CompilerThread0"         daemon [_thread_in_native, id=25288, stack(0x000000324ff00000,0x0000003250000000) (1024K)]
  0x0000022cbc4cdb30 JavaThread "C1 CompilerThread0"         daemon [_thread_blocked, id=21860, stack(0x0000003250000000,0x0000003250100000) (1024K)]
  0x0000022cff008c70 JavaThread "Common-Cleaner"             daemon [_thread_blocked, id=22136, stack(0x0000003250200000,0x0000003250300000) (1024K)]
  0x0000022cff25c530 JavaThread "Notification Thread"        daemon [_thread_blocked, id=24636, stack(0x0000003250300000,0x0000003250400000) (1024K)]
  0x0000022cff6295a0 JavaThread "Active Thread: Equinox Container: b509b03b-ca00-40b9-9f87-662cf570866e"        [_thread_blocked, id=9228, stack(0x0000003250b00000,0x0000003250c00000) (1024K)]
  0x0000022cff5f4fd0 JavaThread "Refresh Thread: Equinox Container: b509b03b-ca00-40b9-9f87-662cf570866e" daemon [_thread_blocked, id=21360, stack(0x0000003250d00000,0x0000003250e00000) (1024K)]
  0x0000022cff795730 JavaThread "Framework Event Dispatcher: Equinox Container: b509b03b-ca00-40b9-9f87-662cf570866e" daemon [_thread_blocked, id=4776, stack(0x0000003250e00000,0x0000003250f00000) (1024K)]
  0x0000022cff74c260 JavaThread "Start Level: Equinox Container: b509b03b-ca00-40b9-9f87-662cf570866e" daemon [_thread_blocked, id=12000, stack(0x0000003250f00000,0x0000003251000000) (1024K)]
  0x0000022c84583750 JavaThread "Bundle File Closer"         daemon [_thread_blocked, id=25432, stack(0x0000003250a00000,0x0000003250b00000) (1024K)]
  0x0000022c8469ed30 JavaThread "SCR Component Actor"        daemon [_thread_blocked, id=10200, stack(0x0000003250100000,0x0000003250200000) (1024K)]
  0x0000022c842039f0 JavaThread "Worker-JM"                         [_thread_blocked, id=26056, stack(0x0000003251100000,0x0000003251200000) (1024K)]
  0x0000022c84777e50 JavaThread "JNA Cleaner"                daemon [_thread_blocked, id=5792, stack(0x0000003251000000,0x0000003251100000) (1024K)]
  0x0000022c84775d80 JavaThread "Worker-0: Initialize workspace"        [_thread_blocked, id=6812, stack(0x0000003251200000,0x0000003251300000) (1024K)]
  0x0000022c84776410 JavaThread "Java indexing"              daemon [_thread_blocked, id=14968, stack(0x0000003251800000,0x0000003251900000) (1024K)]
  0x0000022c84775060 JavaThread "Worker-5: Initialize workspace"        [_thread_blocked, id=12820, stack(0x0000003251c00000,0x0000003251d00000) (1024K)]
  0x0000022c87bbc1b0 JavaThread "pool-2-thread-1"                   [_thread_blocked, id=21672, stack(0x0000003251d00000,0x0000003251e00000) (1024K)]
  0x0000022c87bbb490 JavaThread "WorkspaceEventsHandler"            [_thread_blocked, id=5188, stack(0x0000003251e00000,0x0000003251f00000) (1024K)]
  0x0000022c87bb9a50 JavaThread "pool-1-thread-1"                   [_thread_blocked, id=9588, stack(0x0000003251f00000,0x0000003252000000) (1024K)]
  0x0000022c87bbced0 JavaThread "PatternSearchJob-worker-1"  daemon [_thread_blocked, id=11584, stack(0x0000003251700000,0x0000003251800000) (1024K)]
  0x0000022c87bba770 JavaThread "PatternSearchJob-worker-2"  daemon [_thread_blocked, id=10340, stack(0x0000003252000000,0x0000003252100000) (1024K)]
  0x0000022c87bbc840 JavaThread "PatternSearchJob-worker-3"  daemon [_thread_blocked, id=8136, stack(0x0000003252100000,0x0000003252200000) (1024K)]
  0x0000022c87bbbb20 JavaThread "PatternSearchJob-worker-4"  daemon [_thread_blocked, id=25252, stack(0x0000003252200000,0x0000003252300000) (1024K)]
  0x0000022c87bba0e0 JavaThread "PatternSearchJob-worker-5"  daemon [_thread_blocked, id=6920, stack(0x0000003252300000,0x0000003252400000) (1024K)]
  0x0000022c87bbd560 JavaThread "PatternSearchJob-worker-6"  daemon [_thread_blocked, id=10044, stack(0x0000003252400000,0x0000003252500000) (1024K)]
  0x0000022c87bbdbf0 JavaThread "PatternSearchJob-worker-7"  daemon [_thread_blocked, id=11924, stack(0x0000003252500000,0x0000003252600000) (1024K)]
  0x0000022c86888de0 JavaThread "Timer-0"                           [_thread_blocked, id=15592, stack(0x0000003252f00000,0x0000003253000000) (1024K)]
  0x0000022c86889470 JavaThread "Timer-1"                           [_thread_blocked, id=15392, stack(0x0000003253100000,0x0000003253200000) (1024K)]
  0x0000022c86888750 JavaThread "Timer-2"                           [_thread_blocked, id=24112, stack(0x0000003253500000,0x0000003253600000) (1024K)]
  0x0000022c8688aeb0 JavaThread "Worker-10: Initialize workspace"        [_thread_blocked, id=24208, stack(0x0000003253400000,0x0000003253500000) (1024K)]
  0x0000022c869c1a40 JavaThread "Timer-3"                           [_thread_blocked, id=17216, stack(0x0000003253a00000,0x0000003253b00000) (1024K)]
  0x0000022c869c0d20 JavaThread "Timer-4"                           [_thread_blocked, id=9640, stack(0x0000003253c00000,0x0000003253d00000) (1024K)]
  0x0000022c869c20d0 JavaThread "Worker-12: Initialize workspace"        [_thread_blocked, id=16620, stack(0x0000003253900000,0x0000003253a00000) (1024K)]
  0x0000022c869c0690 JavaThread "Worker-13: Initialize workspace"        [_thread_blocked, id=6380, stack(0x0000003253b00000,0x0000003253c00000) (1024K)]
  0x0000022c869c13b0 JavaThread "Timer-5"                           [_thread_blocked, id=19400, stack(0x0000003252600000,0x0000003252700000) (1024K)]
  0x0000022c869c2df0 JavaThread "Worker-14: Initialize workspace"        [_thread_blocked, id=18352, stack(0x0000003252700000,0x0000003252800000) (1024K)]
  0x0000022c869c2760 JavaThread "Worker-15: Initialize workspace"        [_thread_blocked, id=10096, stack(0x0000003252800000,0x0000003252900000) (1024K)]
  0x0000022c869bf970 JavaThread "Timer-6"                           [_thread_blocked, id=9396, stack(0x0000003252a00000,0x0000003252b00000) (1024K)]
  0x0000022c869c0000 JavaThread "Timer-7"                           [_thread_blocked, id=23504, stack(0x0000003252b00000,0x0000003252c00000) (1024K)]
  0x0000022c869c4ec0 JavaThread "Timer-8"                           [_thread_blocked, id=26060, stack(0x0000003252c00000,0x0000003252d00000) (1024K)]
  0x0000022c869c3480 JavaThread "Timer-9"                           [_thread_blocked, id=25280, stack(0x0000003253000000,0x0000003253100000) (1024K)]
  0x0000022c869c5be0 JavaThread "Timer-10"                          [_thread_blocked, id=21760, stack(0x0000003253d00000,0x0000003253e00000) (1024K)]
  0x0000022c869c41a0 JavaThread "Timer-11"                          [_thread_blocked, id=6636, stack(0x0000003253f00000,0x0000003254000000) (1024K)]
  0x0000022c869c6270 JavaThread "Timer-12"                          [_thread_blocked, id=2004, stack(0x0000003253e00000,0x0000003253f00000) (1024K)]
  0x0000022c869c6900 JavaThread "Timer-13"                          [_thread_blocked, id=11576, stack(0x0000003254000000,0x0000003254100000) (1024K)]
  0x0000022c87bbe280 JavaThread "Connection worker"                 [_thread_in_native, id=25592, stack(0x0000003254100000,0x0000003254200000) (1024K)]
  0x0000022c87bbf630 JavaThread "Connection worker"                 [_thread_in_native, id=11356, stack(0x0000003254400000,0x0000003254500000) (1024K)]
  0x0000022c87bc09e0 JavaThread "Worker-17: Initialize workspace"        [_thread_blocked, id=17992, stack(0x0000003254700000,0x0000003254800000) (1024K)]
  0x0000022c86a35f30 JavaThread "Timer-14"                          [_thread_blocked, id=9188, stack(0x0000003254900000,0x0000003254a00000) (1024K)]
  0x0000022c86a34b80 JavaThread "Timer-15"                          [_thread_blocked, id=26620, stack(0x0000003254e00000,0x0000003254f00000) (1024K)]
  0x0000022c86a38d20 JavaThread "Timer-16"                          [_thread_blocked, id=18332, stack(0x0000003255500000,0x0000003255600000) (1024K)]
  0x0000022c86828420 JavaThread "pool-11-thread-1"                  [_thread_blocked, id=17580, stack(0x0000003255d00000,0x0000003255e00000) (1024K)]
  0x0000022c8682b210 JavaThread "pool-14-thread-1"                  [_thread_blocked, id=2904, stack(0x0000003256000000,0x0000003256100000) (1024K)]
  0x0000022c86827d90 JavaThread "Connection worker"                 [_thread_in_native, id=7444, stack(0x0000003256200000,0x0000003256300000) (1024K)]
  0x0000022c8682b8a0 JavaThread "pool-16-thread-1"                  [_thread_blocked, id=21228, stack(0x0000003256400000,0x0000003256500000) (1024K)]
  0x0000022c8682d970 JavaThread "Timer-17"                          [_thread_blocked, id=10524, stack(0x0000003256600000,0x0000003256700000) (1024K)]
  0x0000022c8682c5c0 JavaThread "Worker-21: Initialize workspace"        [_thread_blocked, id=25524, stack(0x0000003256800000,0x0000003256900000) (1024K)]
  0x0000022c8682e000 JavaThread "Worker-22: Initialize workspace"        [_thread_blocked, id=11852, stack(0x0000003256500000,0x0000003256600000) (1024K)]
  0x0000022c92436f60 JavaThread "Timer-18"                          [_thread_blocked, id=19796, stack(0x0000003257100000,0x0000003257200000) (1024K)]
  0x0000022c9243aa70 JavaThread "Worker-24: Initialize workspace"        [_thread_blocked, id=10900, stack(0x0000003257c00000,0x0000003257d00000) (1024K)]
  0x0000022c92435bb0 JavaThread "Worker-25: Initialize workspace"        [_thread_blocked, id=23948, stack(0x0000003257800000,0x0000003257900000) (1024K)]
  0x0000022c9243b100 JavaThread "Connection worker"                 [_thread_in_native, id=6872, stack(0x0000003257d00000,0x0000003257e00000) (1024K)]
  0x0000022c8682cc50 JavaThread "pool-18-thread-1"                  [_thread_blocked, id=6024, stack(0x0000003258100000,0x0000003258200000) (1024K)]
  0x0000022c87cfcba0 JavaThread "Timer-19"                          [_thread_blocked, id=18412, stack(0x0000003258400000,0x0000003258500000) (1024K)]
  0x0000022c87d020f0 JavaThread "Timer-20"                          [_thread_blocked, id=25116, stack(0x0000003258d00000,0x0000003258e00000) (1024K)]
  0x0000022c87411b30 JavaThread "Connection worker"                 [_thread_in_native, id=9892, stack(0x0000003259700000,0x0000003259800000) (1024K)]
  0x0000022c87410780 JavaThread "pool-22-thread-1"                  [_thread_blocked, id=4884, stack(0x0000003259600000,0x0000003259700000) (1024K)]
  0x0000022c891e8e50 JavaThread "Timer-21"                          [_thread_blocked, id=21368, stack(0x0000003259d00000,0x0000003259e00000) (1024K)]
  0x0000022c891e8130 JavaThread "Timer-22"                          [_thread_blocked, id=11716, stack(0x000000325a300000,0x000000325a400000) (1024K)]
  0x0000022c87d00020 JavaThread "Worker-26: Initialize workspace"        [_thread_blocked, id=10676, stack(0x000000325a100000,0x000000325a200000) (1024K)]
  0x0000022c87de99e0 JavaThread "Timer-23"                          [_thread_blocked, id=3512, stack(0x000000325a400000,0x000000325a500000) (1024K)]
  0x0000022c87debab0 JavaThread "Connection worker"                 [_thread_in_native, id=17036, stack(0x000000325a700000,0x000000325a800000) (1024K)]
  0x0000022c87dea070 JavaThread "pool-24-thread-1"                  [_thread_blocked, id=23920, stack(0x000000325a600000,0x000000325a700000) (1024K)]
  0x0000022c87deb420 JavaThread "Timer-24"                          [_thread_blocked, id=22060, stack(0x000000325ac00000,0x000000325ad00000) (1024K)]
  0x0000022c87def5c0 JavaThread "Timer-25"                          [_thread_blocked, id=6560, stack(0x000000325b100000,0x000000325b200000) (1024K)]
  0x0000022c87defc50 JavaThread "Worker-29: Initialize workspace"        [_thread_blocked, id=27704, stack(0x000000325b200000,0x000000325b300000) (1024K)]
  0x0000022c87deef30 JavaThread "Worker-30: Initialize workspace"        [_thread_blocked, id=27764, stack(0x000000325b300000,0x000000325b400000) (1024K)]
  0x0000022c87df02e0 JavaThread "Connection worker"                 [_thread_in_native, id=27888, stack(0x000000325b400000,0x000000325b500000) (1024K)]
  0x0000022c88802a60 JavaThread "Timer-26"                          [_thread_blocked, id=27944, stack(0x000000325b700000,0x000000325b800000) (1024K)]
  0x0000022c88804b30 JavaThread "pool-27-thread-1"                  [_thread_blocked, id=27996, stack(0x000000325b900000,0x000000325ba00000) (1024K)]
  0x0000022c888051c0 JavaThread "Worker-31: Initialize workspace"        [_thread_blocked, id=28336, stack(0x000000325b600000,0x000000325b700000) (1024K)]
  0x0000022c88803780 JavaThread "Timer-27"                          [_thread_blocked, id=28352, stack(0x000000325bb00000,0x000000325bc00000) (1024K)]
  0x0000022c88809360 JavaThread "Timer-28"                          [_thread_blocked, id=27960, stack(0x000000325c400000,0x000000325c500000) (1024K)]
  0x0000022c87cfe5e0 JavaThread "Timer-29"                          [_thread_blocked, id=20864, stack(0x0000003256a00000,0x0000003256b00000) (1024K)]
  0x0000022c87cfd8c0 JavaThread "Connection worker"                 [_thread_in_native, id=14676, stack(0x0000003256e00000,0x0000003256f00000) (1024K)]
  0x0000022c87cfc510 JavaThread "Worker-33: Initialize workspace"        [_thread_blocked, id=13196, stack(0x0000003255400000,0x0000003255500000) (1024K)]
  0x0000022c87d013d0 JavaThread "Timer-30"                          [_thread_blocked, id=22920, stack(0x0000003257000000,0x0000003257100000) (1024K)]
  0x0000022c92438310 JavaThread "Timer-31"                          [_thread_blocked, id=25000, stack(0x0000003258300000,0x0000003258400000) (1024K)]
  0x0000022c8682f3b0 JavaThread "Worker-35: Initialize workspace"        [_thread_blocked, id=11700, stack(0x0000003256d00000,0x0000003256e00000) (1024K)]
  0x0000022c8682ed20 JavaThread "Connection worker"                 [_thread_in_native, id=3208, stack(0x0000003257b00000,0x0000003257c00000) (1024K)]
  0x0000022c87cfdf50 JavaThread "Timer-32"                          [_thread_blocked, id=1952, stack(0x0000003258800000,0x0000003258900000) (1024K)]
  0x0000022c891e66f0 JavaThread "Connection worker"                 [_thread_in_native, id=28892, stack(0x0000003258c00000,0x0000003258d00000) (1024K)]
  0x0000022c87413570 JavaThread "pool-34-thread-1"                  [_thread_blocked, id=29220, stack(0x0000003259200000,0x0000003259300000) (1024K)]
  0x0000022c88806570 JavaThread "Timer-33"                          [_thread_blocked, id=29444, stack(0x0000003259900000,0x0000003259a00000) (1024K)]
  0x0000022c87d00d40 JavaThread "Worker-37: Initialize workspace"        [_thread_blocked, id=29528, stack(0x0000003259500000,0x0000003259600000) (1024K)]
  0x0000022c88808cd0 JavaThread "Connection worker"                 [_thread_in_native, id=21780, stack(0x0000003259b00000,0x0000003259c00000) (1024K)]
  0x0000022c9243be20 JavaThread "pool-35-thread-1"                  [_thread_blocked, id=14560, stack(0x000000325ba00000,0x000000325bb00000) (1024K)]
  0x0000022c87d01a60 JavaThread "Timer-34"                          [_thread_blocked, id=30088, stack(0x000000325c500000,0x000000325c600000) (1024K)]
  0x0000022c891e94e0 JavaThread "Worker-38: Initialize workspace"        [_thread_blocked, id=30148, stack(0x000000325bc00000,0x000000325bd00000) (1024K)]
  0x0000022c85c35b50 JavaThread "Timer-35"                          [_thread_blocked, id=30252, stack(0x000000325cc00000,0x000000325cd00000) (1024K)]
  0x0000022c85c34110 JavaThread "Worker-39: Initialize workspace"        [_thread_blocked, id=30452, stack(0x000000325ca00000,0x000000325cb00000) (1024K)]
  0x0000022c85c37590 JavaThread "Worker-40: Initialize workspace"        [_thread_blocked, id=30460, stack(0x000000325cb00000,0x000000325cc00000) (1024K)]
  0x0000022c85c354c0 JavaThread "Connection worker"                 [_thread_in_native, id=30508, stack(0x000000325ce00000,0x000000325cf00000) (1024K)]
  0x0000022c85c347a0 JavaThread "pool-37-thread-1"                  [_thread_blocked, id=30648, stack(0x0000003257900000,0x0000003257a00000) (1024K)]
  0x0000022c85c38940 JavaThread "Timer-36"                          [_thread_blocked, id=29868, stack(0x000000325d000000,0x000000325d100000) (1024K)]
  0x0000022c85c3b730 JavaThread "Timer-37"                          [_thread_blocked, id=30272, stack(0x000000325cf00000,0x000000325d000000) (1024K)]
  0x0000022c85c3aa10 JavaThread "Timer-38"                          [_thread_blocked, id=21184, stack(0x000000325a000000,0x000000325a100000) (1024K)]
  0x0000022c85c39660 JavaThread "Connection worker"                 [_thread_in_native, id=23524, stack(0x0000003256f00000,0x0000003257000000) (1024K)]
  0x0000022c85c38fd0 JavaThread "Worker-42: Initialize workspace"        [_thread_blocked, id=30604, stack(0x000000325d300000,0x000000325d400000) (1024K)]
  0x0000022c85c3e520 JavaThread "Connection worker"                 [_thread_in_native, id=24772, stack(0x000000325d600000,0x000000325d700000) (1024K)]
  0x0000022c85c3de90 JavaThread "Timer-39"                          [_thread_blocked, id=30600, stack(0x000000325d800000,0x000000325d900000) (1024K)]
  0x0000022c85c40c80 JavaThread "pool-40-thread-1"                  [_thread_blocked, id=2228, stack(0x000000325db00000,0x000000325dc00000) (1024K)]
  0x0000022c85c3ebb0 JavaThread "Worker-43: Initialize workspace"        [_thread_blocked, id=24404, stack(0x000000325d700000,0x000000325d800000) (1024K)]
  0x0000022c85c3f240 JavaThread "Connection worker"                 [_thread_in_native, id=3180, stack(0x000000325af00000,0x000000325b000000) (1024K)]
  0x0000022c85c3f8d0 JavaThread "Timer-40"                          [_thread_blocked, id=18336, stack(0x000000325de00000,0x000000325df00000) (1024K)]
  0x0000022c85c3d170 JavaThread "pool-41-thread-1"                  [_thread_blocked, id=24596, stack(0x000000325e000000,0x000000325e100000) (1024K)]
  0x0000022c85c426c0 JavaThread "Timer-41"                          [_thread_blocked, id=30516, stack(0x0000003259e00000,0x0000003259f00000) (1024K)]
  0x0000022c87412850 JavaThread "Worker-44: Initialize workspace"        [_thread_blocked, id=30772, stack(0x0000003259f00000,0x000000325a000000) (1024K)]
  0x0000022c891e87c0 JavaThread "Timer-42"                          [_thread_blocked, id=30996, stack(0x000000325e100000,0x000000325e200000) (1024K)]
  0x0000022c87de9350 JavaThread "Connection worker"                 [_thread_in_native, id=31164, stack(0x000000325b500000,0x000000325b600000) (1024K)]
  0x0000022c85c3d800 JavaThread "pool-44-thread-1"                  [_thread_blocked, id=31180, stack(0x000000325e700000,0x000000325e800000) (1024K)]
  0x0000022c87d034a0 JavaThread "Timer-43"                          [_thread_blocked, id=31288, stack(0x000000325ea00000,0x000000325eb00000) (1024K)]
  0x0000022c85c42d50 JavaThread "Connection worker"                 [_thread_in_native, id=31616, stack(0x000000325e800000,0x000000325e900000) (1024K)]
  0x0000022c851ad8c0 JavaThread "Timer-44"                          [_thread_blocked, id=31700, stack(0x000000325ee00000,0x000000325ef00000) (1024K)]
  0x0000022c851ac510 JavaThread "Worker-47: Initialize workspace"        [_thread_blocked, id=31712, stack(0x000000325ef00000,0x000000325f000000) (1024K)]
  0x0000022c851aec70 JavaThread "pool-45-thread-1"                  [_thread_blocked, id=31716, stack(0x000000325ed00000,0x000000325ee00000) (1024K)]
  0x0000022c851af300 JavaThread "Worker-48: Initialize workspace"        [_thread_blocked, id=28168, stack(0x000000325f000000,0x000000325f100000) (1024K)]
  0x0000022c851adf50 JavaThread "Timer-45"                          [_thread_blocked, id=26344, stack(0x000000325f500000,0x000000325f600000) (1024K)]
  0x0000022c851b13d0 JavaThread "Timer-46"                          [_thread_blocked, id=31688, stack(0x000000325fa00000,0x000000325fb00000) (1024K)]
  0x0000022c851b41c0 JavaThread "Timer-47"                          [_thread_blocked, id=12020, stack(0x000000325fd00000,0x000000325fe00000) (1024K)]
  0x0000022c851b7cd0 JavaThread "Timer-48"                          [_thread_blocked, id=26976, stack(0x000000325ec00000,0x000000325ed00000) (1024K)]
  0x0000022c851ba430 JavaThread "Timer-49"                          [_thread_blocked, id=31156, stack(0x0000003255700000,0x0000003255800000) (1024K)]
  0x0000022c86a38000 JavaThread "Worker-74: Initialize workspace"        [_thread_blocked, id=2628, stack(0x0000003257a00000,0x0000003257b00000) (1024K)]
  0x0000022c86a37970 JavaThread "Timer-50"                          [_thread_blocked, id=19272, stack(0x0000003255000000,0x0000003255100000) (1024K)]
  0x0000022c9243c4b0 JavaThread "Worker-83: Initialize workspace"        [_thread_blocked, id=31828, stack(0x0000003255600000,0x0000003255700000) (1024K)]
  0x0000022c86a39a40 JavaThread "Connection worker"                 [_thread_in_native, id=31948, stack(0x0000003254200000,0x0000003254300000) (1024K)]
  0x0000022c88803e10 JavaThread "Timer-51"                          [_thread_blocked, id=31984, stack(0x000000325e500000,0x000000325e600000) (1024K)]
  0x0000022c87bbae00 JavaThread "Connection worker"                 [_thread_in_native, id=32088, stack(0x0000003257f00000,0x0000003258000000) (1024K)]
  0x0000022c851b4ee0 JavaThread "Worker-96: Initialize workspace"        [_thread_blocked, id=32668, stack(0x0000003255900000,0x0000003255a00000) (1024K)]
  0x0000022c891e6060 JavaThread "Timer-52"                          [_thread_blocked, id=9860, stack(0x000000325eb00000,0x000000325ec00000) (1024K)]
  0x0000022c851b8360 JavaThread "Connection worker"                 [_thread_in_native, id=21784, stack(0x0000003258600000,0x0000003258700000) (1024K)]
  0x0000022c851b5c00 JavaThread "Connection worker"                 [_thread_in_native, id=20344, stack(0x0000003255c00000,0x0000003255d00000) (1024K)]
  0x0000022c85c36870 JavaThread "Worker-109: Initialize workspace"        [_thread_blocked, id=25776, stack(0x000000325c200000,0x000000325c300000) (1024K)]
  0x0000022c87cfd230 JavaThread "Timer-53"                          [_thread_blocked, id=32560, stack(0x0000003260200000,0x0000003260300000) (1024K)]
  0x0000022c851b9710 JavaThread "Timer-54"                          [_thread_blocked, id=18668, stack(0x0000003261000000,0x0000003261100000) (1024K)]
  0x0000022c931a2dd0 JavaThread "Timer-55"                          [_thread_blocked, id=32996, stack(0x000000325dd00000,0x000000325de00000) (1024K)]
  0x0000022c931a0670 JavaThread "Worker-140: Initialize workspace"        [_thread_blocked, id=33400, stack(0x0000003261200000,0x0000003261300000) (1024K)]
  0x0000022c931a0d00 JavaThread "Timer-56"                          [_thread_blocked, id=17748, stack(0x0000003261500000,0x0000003261600000) (1024K)]
  0x0000022c931a3af0 JavaThread "Connection worker"                 [_thread_in_native, id=33328, stack(0x0000003261600000,0x0000003261700000) (1024K)]
  0x0000022c931a6250 JavaThread "Timer-57"                          [_thread_blocked, id=33352, stack(0x0000003251a00000,0x0000003251b00000) (1024K)]
  0x0000022c931a4ea0 JavaThread "pool-58-thread-1"                  [_thread_blocked, id=6288, stack(0x000000325f800000,0x000000325f900000) (1024K)]
  0x0000022c931a7600 JavaThread "Worker-171: Initialize workspace"        [_thread_blocked, id=31128, stack(0x0000003260400000,0x0000003260500000) (1024K)]
  0x0000022c931a89b0 JavaThread "Timer-58"                          [_thread_blocked, id=33712, stack(0x0000003261c00000,0x0000003261d00000) (1024K)]
  0x0000022c931a4810 JavaThread "Timer-59"                          [_thread_blocked, id=32904, stack(0x0000003261b00000,0x0000003261c00000) (1024K)]
  0x0000022c931a5bc0 JavaThread "Worker-187: Initialize workspace"        [_thread_blocked, id=4764, stack(0x0000003261e00000,0x0000003261f00000) (1024K)]
  0x0000022c931aa3f0 JavaThread "Timer-60"                          [_thread_blocked, id=32908, stack(0x0000003262500000,0x0000003262600000) (1024K)]
  0x0000022c931adf00 JavaThread "Worker-196: Initialize workspace"        [_thread_blocked, id=31060, stack(0x0000003262700000,0x0000003262800000) (1024K)]
  0x0000022c851ae5e0 JavaThread "Timer-61"                          [_thread_blocked, id=34084, stack(0x0000003261900000,0x0000003261a00000) (1024K)]
  0x0000022c851b0020 JavaThread "Worker-206: Initialize workspace"        [_thread_blocked, id=34440, stack(0x0000003262900000,0x0000003262a00000) (1024K)]
  0x0000022c874121c0 JavaThread "Timer-62"                          [_thread_blocked, id=27932, stack(0x0000003263100000,0x0000003263200000) (1024K)]
  0x0000022c93d2c670 JavaThread "Timer-63"                          [_thread_blocked, id=22784, stack(0x0000003263000000,0x0000003263100000) (1024K)]
  0x0000022c93d2cd00 JavaThread "Worker-223: Initialize workspace"        [_thread_blocked, id=34764, stack(0x0000003263300000,0x0000003263400000) (1024K)]
  0x0000022c93d31530 JavaThread "Timer-64"                          [_thread_blocked, id=28872, stack(0x0000003260e00000,0x0000003260f00000) (1024K)]
  0x0000022c93d2f460 JavaThread "Worker-233: Initialize workspace"        [_thread_blocked, id=12572, stack(0x0000003257600000,0x0000003257700000) (1024K)]
  0x0000022c93d2e0b0 JavaThread "Connection worker"                 [_thread_blocked, id=35220, stack(0x000000325df00000,0x000000325e000000) (1024K)]
  0x0000022c93d2e740 JavaThread "Timer-65"                          [_thread_blocked, id=35224, stack(0x0000003260700000,0x0000003260800000) (1024K)]
  0x0000022c93d2da20 JavaThread "Connection worker"                 [_thread_blocked, id=35372, stack(0x000000324f300000,0x000000324f400000) (1024K)]
  0x0000022c93d2a5a0 JavaThread "Worker-240: Initialize workspace"        [_thread_blocked, id=35376, stack(0x0000003255200000,0x0000003255300000) (1024K)]
  0x0000022c93d30ea0 JavaThread "pool-66-thread-1"                  [_thread_blocked, id=35380, stack(0x0000003256300000,0x0000003256400000) (1024K)]
  0x0000022c93d33c90 JavaThread "Timer-66"                          [_thread_blocked, id=7184, stack(0x000000325c100000,0x000000325c200000) (1024K)]
  0x0000022c93d349b0 JavaThread "Worker-254: Initialize workspace"        [_thread_blocked, id=34624, stack(0x000000325fe00000,0x000000325ff00000) (1024K)]
  0x0000022c93d34320 JavaThread "Connection worker"                 [_thread_blocked, id=35192, stack(0x0000003261100000,0x0000003261200000) (1024K)]
  0x0000022c93d356d0 JavaThread "pool-68-thread-1"                  [_thread_blocked, id=33832, stack(0x0000003257300000,0x0000003257400000) (1024K)]
  0x0000022c93d33600 JavaThread "Timer-67"                          [_thread_blocked, id=34288, stack(0x000000325c000000,0x000000325c100000) (1024K)]
  0x0000022c93d37e30 JavaThread "Worker-268: Initialize workspace"        [_thread_blocked, id=35784, stack(0x0000003261300000,0x0000003261400000) (1024K)]
  0x0000022c93d363f0 JavaThread "Timer-68"                          [_thread_blocked, id=27664, stack(0x0000003260900000,0x0000003260a00000) (1024K)]
  0x0000022c93d36a80 JavaThread "Worker-276: Initialize workspace"        [_thread_blocked, id=31304, stack(0x0000003254a00000,0x0000003254b00000) (1024K)]
  0x0000022c93d377a0 JavaThread "Connection worker"                 [_thread_in_native, id=31924, stack(0x0000003257400000,0x0000003257500000) (1024K)]
  0x0000022c93d30180 JavaThread "Timer-69"                          [_thread_blocked, id=18496, stack(0x0000003253200000,0x0000003253300000) (1024K)]
  0x0000022c931a3460 JavaThread "Timer-70"                          [_thread_blocked, id=14704, stack(0x000000325b800000,0x000000325b900000) (1024K)]
  0x0000022c931a4180 JavaThread "Connection worker"                 [_thread_blocked, id=24900, stack(0x0000003254f00000,0x0000003255000000) (1024K)]
  0x0000022c931a96d0 JavaThread "Timer-71"                          [_thread_blocked, id=34828, stack(0x0000003261400000,0x0000003261500000) (1024K)]
  0x0000022c86a393b0 JavaThread "Connection worker"                 [_thread_blocked, id=35612, stack(0x0000003263700000,0x0000003263800000) (1024K)]
  0x0000022c86a365c0 JavaThread "Worker-304: Initialize workspace"        [_thread_blocked, id=32044, stack(0x0000003255b00000,0x0000003255c00000) (1024K)]
  0x0000022c88805850 JavaThread "Timer-72"                          [_thread_blocked, id=32936, stack(0x0000003262200000,0x0000003262300000) (1024K)]
  0x0000022c88807920 JavaThread "pool-72-thread-1"                  [_thread_blocked, id=10116, stack(0x0000003263900000,0x0000003263a00000) (1024K)]
  0x0000022c85c433e0 JavaThread "Connection worker"                 [_thread_blocked, id=18092, stack(0x000000325aa00000,0x000000325ab00000) (1024K)]
  0x0000022c85c405f0 JavaThread "Timer-73"                          [_thread_blocked, id=16684, stack(0x000000325ae00000,0x000000325af00000) (1024K)]
  0x0000022c87dea700 JavaThread "Worker-323: Initialize workspace"        [_thread_blocked, id=19432, stack(0x0000003258700000,0x0000003258800000) (1024K)]
  0x0000022c87de8cc0 JavaThread "Connection worker"                 [_thread_blocked, id=22824, stack(0x0000003251b00000,0x0000003251c00000) (1024K)]
  0x0000022c87dece60 JavaThread "Connection worker"                 [_thread_blocked, id=33976, stack(0x0000003255e00000,0x0000003255f00000) (1024K)]
  0x0000022c93d35040 JavaThread "Timer-74"                          [_thread_blocked, id=33952, stack(0x0000003263200000,0x0000003263300000) (1024K)]
  0x0000022c93d38b50 JavaThread "pool-75-thread-1"                  [_thread_blocked, id=33720, stack(0x0000003254600000,0x0000003254700000) (1024K)]
  0x0000022c851b7640 JavaThread "Connection worker"                 [_thread_in_native, id=13428, stack(0x0000003255300000,0x0000003255400000) (1024K)]
  0x0000022c851bb7e0 JavaThread "Timer-75"                          [_thread_blocked, id=9556, stack(0x0000003263a00000,0x0000003263b00000) (1024K)]
  0x0000022c92435520 JavaThread "Worker-342: Initialize workspace"        [_thread_blocked, id=3560, stack(0x0000003263c00000,0x0000003263d00000) (1024K)]
  0x0000022c931ac4c0 JavaThread "pool-76-thread-1"                  [_thread_blocked, id=25528, stack(0x0000003263e00000,0x0000003263f00000) (1024K)]
  0x0000022c931ab110 JavaThread "Timer-76"                          [_thread_blocked, id=35476, stack(0x0000003263f00000,0x0000003264000000) (1024K)]
  0x0000022c86a372e0 JavaThread "Timer-77"                          [_thread_blocked, id=13564, stack(0x0000003264000000,0x0000003264100000) (1024K)]
  0x0000022c8682bf30 JavaThread "Connection worker"                 [_thread_blocked, id=34804, stack(0x0000003264100000,0x0000003264200000) (1024K)]
  0x0000022c8682ab80 JavaThread "pool-78-thread-1"                  [_thread_blocked, id=9624, stack(0x000000325c300000,0x000000325c400000) (1024K)]
  0x0000022c85c3bdc0 JavaThread "Worker-368: Initialize workspace"        [_thread_blocked, id=30212, stack(0x0000003260100000,0x0000003260200000) (1024K)]
  0x0000022c87cff990 JavaThread "Timer-78"                          [_thread_blocked, id=32272, stack(0x000000325d500000,0x000000325d600000) (1024K)]
  0x0000022c92439030 JavaThread "Worker-378: Initialize workspace"        [_thread_blocked, id=31376, stack(0x0000003263d00000,0x0000003263e00000) (1024K)]
  0x0000022c86a3a0d0 JavaThread "Timer-79"                          [_thread_blocked, id=24172, stack(0x0000003264300000,0x0000003264400000) (1024K)]
  0x0000022c931af2b0 JavaThread "Worker-393: Initialize workspace"        [_thread_blocked, id=15124, stack(0x000000325da00000,0x000000325db00000) (1024K)]
  0x0000022c88807290 JavaThread "Timer-80"                          [_thread_blocked, id=28080, stack(0x0000003264700000,0x0000003264800000) (1024K)]
  0x0000022c87bbe910 JavaThread "Worker-403: Initialize workspace"        [_thread_blocked, id=8980, stack(0x0000003259a00000,0x0000003259b00000) (1024K)]
  0x0000022c87cfec70 JavaThread "Timer-81"                          [_thread_blocked, id=27168, stack(0x0000003256700000,0x0000003256800000) (1024K)]
  0x0000022c86829140 JavaThread "Worker-409: Initialize workspace"        [_thread_blocked, id=33104, stack(0x0000003264b00000,0x0000003264c00000) (1024K)]
  0x0000022c868880c0 JavaThread "Timer-82"                          [_thread_blocked, id=17780, stack(0x0000003264f00000,0x0000003265000000) (1024K)]
  0x0000022c851ad230 JavaThread "Worker-416: Initialize workspace"        [_thread_blocked, id=34100, stack(0x0000003251900000,0x0000003251a00000) (1024K)]
  0x0000022c874114a0 JavaThread "Connection worker"                 [_thread_blocked, id=20112, stack(0x0000003265100000,0x0000003265200000) (1024K)]
  0x0000022c85c3ff60 JavaThread "pool-83-thread-1"                  [_thread_blocked, id=35140, stack(0x0000003265200000,0x0000003265300000) (1024K)]
  0x0000022c85c41310 JavaThread "Connection worker"                 [_thread_blocked, id=35124, stack(0x0000003265300000,0x0000003265400000) (1024K)]
  0x0000022c868297d0 JavaThread "Timer-83"                          [_thread_blocked, id=19276, stack(0x0000003255800000,0x0000003255900000) (1024K)]
  0x0000022c87cff300 JavaThread "pool-84-thread-1"                  [_thread_blocked, id=33680, stack(0x000000325d400000,0x000000325d500000) (1024K)]
  0x0000022c87d02e10 JavaThread "Worker-434: Initialize workspace"        [_thread_blocked, id=29780, stack(0x0000003258000000,0x0000003258100000) (1024K)]
  0x0000022c85c3a380 JavaThread "Connection worker"                 [_thread_in_native, id=16296, stack(0x0000003264500000,0x0000003264600000) (1024K)]
  0x0000022c851baac0 JavaThread "Connection worker"                 [_thread_in_native, id=35728, stack(0x0000003264c00000,0x0000003264d00000) (1024K)]
  0x0000022c847756f0 JavaThread "Timer-84"                          [_thread_blocked, id=31812, stack(0x0000003256100000,0x0000003256200000) (1024K)]
  0x0000022c86829e60 JavaThread "Worker-447: Initialize workspace"        [_thread_blocked, id=28008, stack(0x0000003255f00000,0x0000003256000000) (1024K)]
  0x0000022c851b89f0 JavaThread "Connection worker"                 [_thread_blocked, id=35716, stack(0x000000325ad00000,0x000000325ae00000) (1024K)]
  0x0000022c93d2edd0 JavaThread "Timer-85"                          [_thread_blocked, id=11624, stack(0x0000003264400000,0x0000003264500000) (1024K)]
  0x0000022c85c34e30 JavaThread "pool-86-thread-1"                  [_thread_blocked, id=28768, stack(0x0000003264800000,0x0000003264900000) (1024K)]
  0x0000022c88808640 JavaThread "Timer-86"                          [_thread_blocked, id=32096, stack(0x0000003254b00000,0x0000003254c00000) (1024K)]
  0x0000022c851b1a60 JavaThread "Worker-463: Initialize workspace"        [_thread_blocked, id=35012, stack(0x000000325f700000,0x000000325f800000) (1024K)]
  0x0000022c851b2e10 JavaThread "Timer-87"                          [_thread_blocked, id=29788, stack(0x0000003264d00000,0x0000003264e00000) (1024K)]
  0x0000022c851bb150 JavaThread "Worker-474: Initialize workspace"        [_thread_blocked, id=27872, stack(0x0000003265500000,0x0000003265600000) (1024K)]
  0x0000022c891e6d80 JavaThread "Timer-88"                          [_thread_blocked, id=24632, stack(0x0000003258b00000,0x0000003258c00000) (1024K)]
  0x0000022c891e7aa0 JavaThread "Worker-485: Initialize workspace"        [_thread_blocked, id=13972, stack(0x0000003262000000,0x0000003262100000) (1024K)]
  0x0000022c85c3b0a0 JavaThread "Connection worker"                 [_thread_blocked, id=24704, stack(0x0000003258900000,0x0000003258a00000) (1024K)]
  0x0000022c93d39870 JavaThread "Timer-89"                          [_thread_blocked, id=31348, stack(0x0000003260000000,0x0000003260100000) (1024K)]
  0x0000022c851b3b30 JavaThread "pool-90-thread-1"                  [_thread_blocked, id=30144, stack(0x0000003265800000,0x0000003265900000) (1024K)]
  0x0000022c87bbefa0 JavaThread "Worker-493: Initialize workspace"        [_thread_blocked, id=32580, stack(0x0000003265900000,0x0000003265a00000) (1024K)]
  0x0000022c87cfbe80 JavaThread "Connection worker"                 [_thread_blocked, id=5984, stack(0x0000003262b00000,0x0000003262c00000) (1024K)]
  0x0000022c924368d0 JavaThread "Timer-90"                          [_thread_blocked, id=22396, stack(0x0000003257200000,0x0000003257300000) (1024K)]
  0x0000022c87410e10 JavaThread "pool-91-thread-1"                  [_thread_blocked, id=1960, stack(0x000000325d200000,0x000000325d300000) (1024K)]
  0x0000022c87dedb80 JavaThread "Worker-504: Initialize workspace"        [_thread_blocked, id=33508, stack(0x0000003265a00000,0x0000003265b00000) (1024K)]
  0x0000022c9e275270 JavaThread "Timer-91"                          [_thread_blocked, id=33748, stack(0x0000003265c00000,0x0000003265d00000) (1024K)]
  0x0000022c9e273ec0 JavaThread "Worker-509: Initialize workspace"        [_thread_blocked, id=30796, stack(0x0000003254800000,0x0000003254900000) (1024K)]
  0x0000022c9e277340 JavaThread "Timer-92"                          [_thread_blocked, id=32644, stack(0x0000003265f00000,0x0000003266000000) (1024K)]
  0x0000022c9e2779d0 JavaThread "Connection worker"                 [_thread_blocked, id=8320, stack(0x0000003266100000,0x0000003266200000) (1024K)]
  0x0000022c9e274be0 JavaThread "Worker-523: Initialize workspace"        [_thread_blocked, id=22368, stack(0x000000325f100000,0x000000325f200000) (1024K)]
  0x0000022c9e274550 JavaThread "Connection worker"                 [_thread_blocked, id=33820, stack(0x0000003265e00000,0x0000003265f00000) (1024K)]
  0x0000022c9e2786f0 JavaThread "Timer-93"                          [_thread_blocked, id=24600, stack(0x0000003266000000,0x0000003266100000) (1024K)]
  0x0000022c9e27ae50 JavaThread "pool-93-thread-1"                  [_thread_blocked, id=34220, stack(0x0000003266200000,0x0000003266300000) (1024K)]
  0x0000022c9e275900 JavaThread "pool-94-thread-1"                  [_thread_blocked, id=35540, stack(0x0000003265b00000,0x0000003265c00000) (1024K)]
  0x0000022c9e276620 JavaThread "Connection worker"                 [_thread_blocked, id=152, stack(0x000000325e300000,0x000000325e400000) (1024K)]
  0x0000022c9e27c890 JavaThread "Connection worker"                 [_thread_blocked, id=33100, stack(0x0000003266300000,0x0000003266400000) (1024K)]
  0x0000022c9e27b4e0 JavaThread "Timer-94"                          [_thread_blocked, id=3760, stack(0x0000003266400000,0x0000003266500000) (1024K)]
  0x0000022c9e27bb70 JavaThread "pool-95-thread-1"                  [_thread_blocked, id=19304, stack(0x0000003258f00000,0x0000003259000000) (1024K)]
  0x0000022c9e27a130 JavaThread "Worker-545: Initialize workspace"        [_thread_blocked, id=23448, stack(0x000000325cd00000,0x000000325ce00000) (1024K)]
  0x0000022c9e27c200 JavaThread "Timer-95"                          [_thread_blocked, id=28424, stack(0x0000003266600000,0x0000003266700000) (1024K)]
  0x0000022c9e279aa0 JavaThread "Worker-556: Initialize workspace"        [_thread_blocked, id=25724, stack(0x000000325a200000,0x000000325a300000) (1024K)]
  0x0000022c9e279410 JavaThread "Connection worker"                 [_thread_blocked, id=33980, stack(0x0000003266800000,0x0000003266900000) (1024K)]
  0x0000022c9e2803a0 JavaThread "Connection worker"                 [_thread_blocked, id=25604, stack(0x0000003266900000,0x0000003266a00000) (1024K)]
  0x0000022c9e273830 JavaThread "Timer-96"                          [_thread_blocked, id=30936, stack(0x0000003265700000,0x0000003265800000) (1024K)]
  0x0000022c9e2731a0 JavaThread "pool-97-thread-1"                  [_thread_blocked, id=28512, stack(0x0000003260c00000,0x0000003260d00000) (1024K)]
  0x0000022c9e27dc40 JavaThread "Worker-567: Initialize workspace"        [_thread_blocked, id=30228, stack(0x0000003266700000,0x0000003266800000) (1024K)]
  0x0000022c9e27d5b0 JavaThread "Connection worker"                 [_thread_blocked, id=23924, stack(0x0000003266b00000,0x0000003266c00000) (1024K)]
  0x0000022c9e278d80 JavaThread "pool-98-thread-1"                  [_thread_blocked, id=32148, stack(0x0000003260f00000,0x0000003261000000) (1024K)]
  0x0000022c9e27cf20 JavaThread "Timer-97"                          [_thread_blocked, id=15376, stack(0x0000003265d00000,0x0000003265e00000) (1024K)]
  0x0000022c9e281de0 JavaThread "Worker-580: Initialize workspace"        [_thread_blocked, id=28404, stack(0x0000003266c00000,0x0000003266d00000) (1024K)]
  0x0000022c9e282470 JavaThread "Connection worker"                 [_thread_blocked, id=4996, stack(0x0000003267100000,0x0000003267200000) (1024K)]
  0x0000022c9e2810c0 JavaThread "Timer-98"                          [_thread_blocked, id=30696, stack(0x0000003256900000,0x0000003256a00000) (1024K)]
  0x0000022c9e27e2d0 JavaThread "pool-99-thread-1"                  [_thread_blocked, id=19088, stack(0x0000003266d00000,0x0000003266e00000) (1024K)]
  0x0000022c9e27f680 JavaThread "Worker-593: Initialize workspace"        [_thread_blocked, id=33240, stack(0x0000003266f00000,0x0000003267000000) (1024K)]
  0x0000022c9e282b00 JavaThread "Connection worker"                 [_thread_blocked, id=25896, stack(0x0000003267000000,0x0000003267100000) (1024K)]
  0x0000022c9e283eb0 JavaThread "Timer-99"                          [_thread_blocked, id=5672, stack(0x0000003267200000,0x0000003267300000) (1024K)]
  0x0000022c9e281750 JavaThread "Connection worker"                 [_thread_blocked, id=34048, stack(0x0000003259400000,0x0000003259500000) (1024K)]
  0x0000022c9e27eff0 JavaThread "Worker-602: Initialize workspace"        [_thread_blocked, id=33412, stack(0x0000003266a00000,0x0000003266b00000) (1024K)]
  0x0000022c9e283820 JavaThread "pool-100-thread-1"                 [_thread_blocked, id=5544, stack(0x0000003266500000,0x0000003266600000) (1024K)]
  0x0000022c9e283190 JavaThread "Connection worker"                 [_thread_blocked, id=17532, stack(0x0000003260600000,0x0000003260700000) (1024K)]
  0x0000022c9e27e960 JavaThread "Timer-100"                         [_thread_blocked, id=18320, stack(0x0000003259c00000,0x0000003259d00000) (1024K)]
  0x0000022c9e27fd10 JavaThread "Worker-610: Initialize workspace"        [_thread_blocked, id=29968, stack(0x0000003266e00000,0x0000003266f00000) (1024K)]
  0x0000022c9e280a30 JavaThread "pool-101-thread-1"                 [_thread_blocked, id=35308, stack(0x000000325e600000,0x000000325e700000) (1024K)]
  0x0000022c9e287330 JavaThread "Connection worker"                 [_thread_blocked, id=29436, stack(0x0000003267400000,0x0000003267500000) (1024K)]
  0x0000022c9e286ca0 JavaThread "Connection worker"                 [_thread_blocked, id=29948, stack(0x0000003265600000,0x0000003265700000) (1024K)]
  0x0000022c9e2879c0 JavaThread "pool-102-thread-1"                 [_thread_blocked, id=27760, stack(0x0000003267800000,0x0000003267900000) (1024K)]
  0x0000022c9e284540 JavaThread "Timer-101"                         [_thread_blocked, id=27796, stack(0x000000325c700000,0x000000325c800000) (1024K)]
  0x0000022c9e289400 JavaThread "Timer-102"                         [_thread_blocked, id=7260, stack(0x0000003267c00000,0x0000003267d00000) (1024K)]
  0x0000022c9e286610 JavaThread "Connection worker"                 [_thread_blocked, id=35732, stack(0x0000003267900000,0x0000003267a00000) (1024K)]
  0x0000022c9e276cb0 JavaThread "Worker-632: Initialize workspace"        [_thread_blocked, id=33548, stack(0x000000325d900000,0x000000325da00000) (1024K)]
  0x0000022c9e288050 JavaThread "Timer-103"                         [_thread_blocked, id=21848, stack(0x0000003267a00000,0x0000003267b00000) (1024K)]
  0x0000022c9e28a120 JavaThread "pool-104-thread-1"                 [_thread_blocked, id=11024, stack(0x0000003267d00000,0x0000003267e00000) (1024K)]
  0x0000022c9e284bd0 JavaThread "Worker-645: Initialize workspace"        [_thread_blocked, id=19492, stack(0x0000003260d00000,0x0000003260e00000) (1024K)]
  0x0000022c9e285f80 JavaThread "Timer-104"                         [_thread_blocked, id=32040, stack(0x0000003256b00000,0x0000003256c00000) (1024K)]
  0x0000022c9e28ae40 JavaThread "Worker-654: Initialize workspace"        [_thread_blocked, id=34352, stack(0x0000003258e00000,0x0000003258f00000) (1024K)]
  0x0000022c9e28c1f0 JavaThread "Connection worker"                 [_thread_in_native, id=20960, stack(0x0000003265000000,0x0000003265100000) (1024K)]
  0x0000022c9e28bb60 JavaThread "Timer-105"                         [_thread_blocked, id=34512, stack(0x0000003267e00000,0x0000003267f00000) (1024K)]
  0x0000022c9e28b4d0 JavaThread "Connection worker"                 [_thread_blocked, id=30296, stack(0x0000003268200000,0x0000003268300000) (1024K)]
  0x0000022c9e278060 JavaThread "Connection worker"                 [_thread_blocked, id=35020, stack(0x000000325be00000,0x000000325bf00000) (1024K)]
  0x0000022c9e28c880 JavaThread "pool-105-thread-1"                 [_thread_blocked, id=6768, stack(0x000000325bf00000,0x000000325c000000) (1024K)]
  0x0000022c9e28f670 JavaThread "pool-106-thread-1"                 [_thread_blocked, id=32516, stack(0x0000003267500000,0x0000003267600000) (1024K)]
  0x0000022c9e288d70 JavaThread "Worker-666: Initialize workspace"        [_thread_blocked, id=30608, stack(0x0000003267f00000,0x0000003268000000) (1024K)]
  0x0000022c9e28fd00 JavaThread "Timer-106"                         [_thread_blocked, id=18780, stack(0x0000003267700000,0x0000003267800000) (1024K)]
  0x0000022c9e290a20 JavaThread "Worker-679: Initialize workspace"        [_thread_blocked, id=30724, stack(0x0000003267b00000,0x0000003267c00000) (1024K)]
  0x0000022c9e28e2c0 JavaThread "Timer-107"                         [_thread_blocked, id=30432, stack(0x0000003261f00000,0x0000003262000000) (1024K)]
  0x0000022c9e28e950 JavaThread "Worker-689: Initialize workspace"        [_thread_blocked, id=13608, stack(0x0000003261700000,0x0000003261800000) (1024K)]
  0x0000022c9e291740 JavaThread "Connection worker"                 [_thread_blocked, id=24472, stack(0x0000003267600000,0x0000003267700000) (1024K)]
  0x0000022c9e28efe0 JavaThread "Connection worker"                 [_thread_blocked, id=1784, stack(0x0000003268700000,0x0000003268800000) (1024K)]
  0x0000022c9e2886e0 JavaThread "pool-108-thread-1"                 [_thread_blocked, id=34676, stack(0x0000003268800000,0x0000003268900000) (1024K)]
  0x0000022c931a2740 JavaThread "Timer-108"                         [_thread_blocked, id=30500, stack(0x0000003268b00000,0x0000003268c00000) (1024K)]
  0x0000022c931aec20 JavaThread "pool-109-thread-1"                 [_thread_blocked, id=27912, stack(0x0000003268500000,0x0000003268600000) (1024K)]
  0x0000022c931a1390 JavaThread "Worker-699: Initialize workspace"        [_thread_blocked, id=24580, stack(0x0000003268900000,0x0000003268a00000) (1024K)]
  0x0000022c85c39cf0 JavaThread "Connection worker"                 [_thread_blocked, id=29928, stack(0x0000003261a00000,0x0000003261b00000) (1024K)]
  0x0000022c8682e690 JavaThread "Connection worker"                 [_thread_blocked, id=10412, stack(0x0000003268d00000,0x0000003268e00000) (1024K)]
  0x0000022c9e28cf10 JavaThread "pool-110-thread-1"                 [_thread_blocked, id=14896, stack(0x0000003269000000,0x0000003269100000) (1024K)]
  0x0000022c9e289a90 JavaThread "Timer-109"                         [_thread_blocked, id=30308, stack(0x0000003268a00000,0x0000003268b00000) (1024K)]
  0x0000022c88805ee0 JavaThread "Timer-110"                         [_thread_blocked, id=8724, stack(0x0000003269300000,0x0000003269400000) (1024K)]
  0x0000022c85c36f00 JavaThread "Worker-720: Initialize workspace"        [_thread_blocked, id=29480, stack(0x000000325c900000,0x000000325ca00000) (1024K)]
  0x0000022c85c3c450 JavaThread "Connection worker"                 [_thread_blocked, id=30812, stack(0x0000003268c00000,0x0000003268d00000) (1024K)]
  0x0000022c93d31bc0 JavaThread "Timer-111"                         [_thread_blocked, id=33620, stack(0x0000003262f00000,0x0000003263000000) (1024K)]
  0x0000022c93d2faf0 JavaThread "pool-111-thread-1"                 [_thread_blocked, id=35252, stack(0x0000003269500000,0x0000003269600000) (1024K)]
  0x0000022c93d32250 JavaThread "Worker-734: Initialize workspace"        [_thread_blocked, id=23584, stack(0x0000003254c00000,0x0000003254d00000) (1024K)]
  0x0000022c924389a0 JavaThread "Connection worker"                 [_thread_blocked, id=22140, stack(0x000000325b000000,0x000000325b100000) (1024K)]
  0x0000022c888044a0 JavaThread "Timer-112"                         [_thread_blocked, id=28828, stack(0x0000003269200000,0x0000003269300000) (1024K)]
  0x0000022c9e28dc30 JavaThread "pool-113-thread-1"                 [_thread_blocked, id=29116, stack(0x0000003269600000,0x0000003269700000) (1024K)]
  0x0000022c93d2ac30 JavaThread "Worker-743: Initialize workspace"        [_thread_blocked, id=33312, stack(0x0000003263500000,0x0000003263600000) (1024K)]
  0x0000022c851b6fb0 JavaThread "Timer-113"                         [_thread_blocked, id=33916, stack(0x0000003269b00000,0x0000003269c00000) (1024K)]
  0x0000022c931a7c90 JavaThread "Worker-755: Initialize workspace"        [_thread_blocked, id=33380, stack(0x0000003269800000,0x0000003269900000) (1024K)]
  0x0000022c87ded4f0 JavaThread "Connection worker"                 [_thread_in_native, id=33716, stack(0x0000003269e00000,0x0000003269f00000) (1024K)]
  0x0000022c891e7410 JavaThread "Connection worker"                 [_thread_in_native, id=22196, stack(0x0000003269f00000,0x000000326a000000) (1024K)]
  0x0000022c86a358a0 JavaThread "Timer-114"                         [_thread_blocked, id=35096, stack(0x0000003269100000,0x0000003269200000) (1024K)]
  0x0000022c88806c00 JavaThread "pool-114-thread-1"                 [_thread_blocked, id=33068, stack(0x0000003268100000,0x0000003268200000) (1024K)]
  0x0000022c9e292460 JavaThread "pool-115-thread-1"                 [_thread_blocked, id=26676, stack(0x0000003269900000,0x0000003269a00000) (1024K)]
  0x0000022c8682d2e0 JavaThread "Worker-767: Initialize workspace"        [_thread_blocked, id=29808, stack(0x0000003269a00000,0x0000003269b00000) (1024K)]
  0x0000022c9f431bc0 JavaThread "Timer-115"                         [_thread_blocked, id=30588, stack(0x0000003262a00000,0x0000003262b00000) (1024K)]
  0x0000022c9f431530 JavaThread "Worker-781: Initialize workspace"        [_thread_blocked, id=26300, stack(0x000000326a200000,0x000000326a300000) (1024K)]
  0x0000022c9f430180 JavaThread "Connection worker"                 [_thread_blocked, id=27780, stack(0x0000003269c00000,0x0000003269d00000) (1024K)]
  0x0000022c9f42f460 JavaThread "pool-117-thread-1"                 [_thread_blocked, id=26064, stack(0x000000326a300000,0x000000326a400000) (1024K)]
  0x0000022c9f432250 JavaThread "Timer-116"                         [_thread_blocked, id=34212, stack(0x000000326a400000,0x000000326a500000) (1024K)]
  0x0000022c9f42faf0 JavaThread "Worker-792: Initialize workspace"        [_thread_blocked, id=10564, stack(0x0000003262300000,0x0000003262400000) (1024K)]
  0x0000022c9f433c90 JavaThread "Timer-117"                         [_thread_blocked, id=33664, stack(0x000000326a100000,0x000000326a200000) (1024K)]
  0x0000022c9f417130 JavaThread "Worker-803: Initialize workspace"        [_thread_blocked, id=23416, stack(0x000000326a900000,0x000000326aa00000) (1024K)]
  0x0000022c9f417e50 JavaThread "Connection worker"                 [_thread_in_native, id=33196, stack(0x000000326a800000,0x000000326a900000) (1024K)]
  0x0000022c9f433600 JavaThread "Connection worker"                 [_thread_in_native, id=28596, stack(0x000000325ff00000,0x0000003260000000) (1024K)]
  0x0000022c9f430810 JavaThread "Timer-118"                         [_thread_blocked, id=30188, stack(0x000000326a600000,0x000000326a700000) (1024K)]
  0x0000022c9f416410 JavaThread "Connection worker"                 [_thread_blocked, id=28796, stack(0x000000326a500000,0x000000326a600000) (1024K)]
  0x0000022c9f415060 JavaThread "pool-118-thread-1"                 [_thread_blocked, id=11956, stack(0x000000326aa00000,0x000000326ab00000) (1024K)]
  0x0000022c9f418b70 JavaThread "pool-119-thread-1"                 [_thread_blocked, id=29864, stack(0x000000326ac00000,0x000000326ad00000) (1024K)]
  0x0000022c9f432f70 JavaThread "Worker-812: Initialize workspace"        [_thread_blocked, id=19960, stack(0x000000326ad00000,0x000000326ae00000) (1024K)]
  0x0000022c9f4156f0 JavaThread "Connection worker"                 [_thread_blocked, id=34140, stack(0x000000326af00000,0x000000326b000000) (1024K)]
  0x0000022c9f419200 JavaThread "Timer-119"                         [_thread_blocked, id=31068, stack(0x000000325f600000,0x000000325f700000) (1024K)]
  0x0000022c9f419890 JavaThread "pool-120-thread-1"                 [_thread_blocked, id=17472, stack(0x000000326ab00000,0x000000326ac00000) (1024K)]
  0x0000022c9f41da30 JavaThread "Connection worker"                 [_thread_blocked, id=31840, stack(0x0000003258a00000,0x0000003258b00000) (1024K)]
  0x0000022c9f415d80 JavaThread "Timer-120"                         [_thread_blocked, id=33800, stack(0x000000326a700000,0x000000326a800000) (1024K)]
  0x0000022c9f41cd10 JavaThread "Connection worker"                 [_thread_blocked, id=27580, stack(0x000000326b200000,0x000000326b300000) (1024K)]
  0x0000022c9f4184e0 JavaThread "Worker-836: Initialize workspace"        [_thread_blocked, id=5992, stack(0x000000326b000000,0x000000326b100000) (1024K)]
  0x0000022c9f41c680 JavaThread "pool-121-thread-1"                 [_thread_blocked, id=14408, stack(0x000000326b700000,0x000000326b800000) (1024K)]
  0x0000022c9f416aa0 JavaThread "Timer-121"                         [_thread_blocked, id=33920, stack(0x0000003258500000,0x0000003258600000) (1024K)]
  0x0000022c9f41a5b0 JavaThread "Worker-848: Initialize workspace"        [_thread_blocked, id=20628, stack(0x000000326b300000,0x000000326b400000) (1024K)]
  0x0000022c9f41ede0 JavaThread "Timer-122"                         [_thread_blocked, id=34760, stack(0x000000326b800000,0x000000326b900000) (1024K)]
  0x0000022c9f41fb00 JavaThread "Exec process"                      [_thread_in_native, id=31768, stack(0x000000326bd00000,0x000000326be00000) (1024K)]
  0x0000022c9f41b2d0 JavaThread "Worker-863: Initialize workspace"        [_thread_blocked, id=22604, stack(0x0000003262400000,0x0000003262500000) (1024K)]
  0x0000022c9f421540 JavaThread "Timer-123"                         [_thread_blocked, id=5612, stack(0x000000326c000000,0x000000326c100000) (1024K)]
  0x0000022c9f424330 JavaThread "Exec process"                      [_thread_in_native, id=7004, stack(0x000000326c400000,0x000000326c500000) (1024K)]
  0x0000022c9f41e750 JavaThread "Connection worker"                 [_thread_blocked, id=33896, stack(0x000000326b900000,0x000000326ba00000) (1024K)]
  0x0000022c9f425d70 JavaThread "pool-124-thread-1"                 [_thread_blocked, id=32120, stack(0x000000326c700000,0x000000326c800000) (1024K)]
  0x0000022c9f425050 JavaThread "Exec process"                      [_thread_in_native, id=33432, stack(0x0000003257500000,0x0000003257600000) (1024K)]
  0x0000022c9f423610 JavaThread "Exec process"                      [_thread_in_native, id=9760, stack(0x000000326c200000,0x000000326c300000) (1024K)]
  0x0000022c9f427120 JavaThread "Connection worker"                 [_thread_in_native, id=1324, stack(0x000000326c500000,0x000000326c600000) (1024K)]
  0x0000022c9f423ca0 JavaThread "Timer-124"                         [_thread_blocked, id=26408, stack(0x000000326c800000,0x000000326c900000) (1024K)]
  0x0000022c9f4277b0 JavaThread "Exec process"                      [_thread_in_native, id=3328, stack(0x000000326cb00000,0x000000326cc00000) (1024K)]
  0x0000022c9f426a90 JavaThread "pool-125-thread-1"                 [_thread_blocked, id=32032, stack(0x000000326cc00000,0x000000326cd00000) (1024K)]
  0x0000022c9f429f10 JavaThread "Exec process"                      [_thread_in_native, id=30468, stack(0x000000326cd00000,0x000000326ce00000) (1024K)]
  0x0000022c9f427e40 JavaThread "Worker-883: Initialize workspace"        [_thread_blocked, id=5564, stack(0x000000326bf00000,0x000000326c000000) (1024K)]
  0x0000022c9f4284d0 JavaThread "Timer-125"                         [_thread_blocked, id=18376, stack(0x000000326d500000,0x000000326d600000) (1024K)]
  0x0000022c9f42bfe0 JavaThread "Connection worker"                 [_thread_blocked, id=28868, stack(0x000000325c800000,0x000000325c900000) (1024K)]
  0x0000022c9f41b960 JavaThread "Worker-893: Initialize workspace"        [_thread_blocked, id=3708, stack(0x000000326be00000,0x000000326bf00000) (1024K)]
  0x0000022c9f421bd0 JavaThread "Timer-126"                         [_thread_blocked, id=17332, stack(0x000000326ca00000,0x000000326cb00000) (1024K)]
  0x0000022c9f42da20 JavaThread "Connection worker"                 [_thread_blocked, id=34592, stack(0x0000003257700000,0x0000003257800000) (1024K)]
  0x0000022c9f4256e0 JavaThread "Connection worker"                 [_thread_blocked, id=31044, stack(0x0000003260800000,0x0000003260900000) (1024K)]
  0x0000022c9f422260 JavaThread "Exec process"                      [_thread_in_native, id=18448, stack(0x0000003268300000,0x0000003268400000) (1024K)]
  0x0000022c9f422f80 JavaThread "Connection worker"                 [_thread_in_native, id=18140, stack(0x000000325d100000,0x000000325d200000) (1024K)]
  0x0000022c9f42c670 JavaThread "Worker-909: Initialize workspace"        [_thread_blocked, id=15472, stack(0x000000326bc00000,0x000000326bd00000) (1024K)]
  0x0000022c9f42ac30 JavaThread "Connection worker"                 [_thread_blocked, id=4024, stack(0x000000326c600000,0x000000326c700000) (1024K)]
  0x0000022c9f428b60 JavaThread "pool-128-thread-1"                 [_thread_blocked, id=35368, stack(0x0000003268600000,0x0000003268700000) (1024K)]
  0x0000022c9f42e740 JavaThread "Exec process"                      [_thread_in_native, id=28680, stack(0x0000003253300000,0x0000003253400000) (1024K)]
  0x0000022c9f42d390 JavaThread "Exec process"                      [_thread_in_native, id=28484, stack(0x000000326b100000,0x000000326b200000) (1024K)]
  0x0000022c9f434320 JavaThread "Exec process"                      [_thread_in_native, id=30408, stack(0x000000326d100000,0x000000326d200000) (1024K)]
  0x0000022c931ab7a0 JavaThread "Exec process"                      [_thread_in_native, id=2008, stack(0x000000326d600000,0x000000326d700000) (1024K)]
  0x0000022c851b2780 JavaThread "Exec process"                      [_thread_in_native, id=35444, stack(0x000000326d700000,0x000000326d800000) (1024K)]
  0x0000022c9e291dd0 JavaThread "Exec process"                      [_thread_in_native, id=28360, stack(0x000000326da00000,0x000000326db00000) (1024K)]
  0x0000022c9e290390 JavaThread "Exec process"                      [_thread_in_native, id=33756, stack(0x000000326dd00000,0x000000326de00000) (1024K)]
  0x0000022c9e2910b0 JavaThread "Timer-127"                         [_thread_blocked, id=22352, stack(0x000000326de00000,0x000000326df00000) (1024K)]
  0x0000022c86a33e60 JavaThread "Exec process"                      [_thread_in_native, id=22220, stack(0x0000003268e00000,0x0000003268f00000) (1024K)]
  0x0000022c85c3cae0 JavaThread "Exec process"                      [_thread_in_native, id=30216, stack(0x000000326e100000,0x000000326e200000) (1024K)]
  0x0000022c924375f0 JavaThread "Exec process"                      [_thread_in_native, id=17360, stack(0x000000326e700000,0x000000326e800000) (1024K)]
  0x0000022c851b4850 JavaThread "Timer-128"                         [_thread_blocked, id=31496, stack(0x0000003252d00000,0x0000003252e00000) (1024K)]
  0x0000022c9f41ac40 JavaThread "Connection worker"                 [_thread_blocked, id=2664, stack(0x000000326e500000,0x000000326e600000) (1024K)]
  0x0000022c8688a190 JavaThread "Worker-930: Initialize workspace"        [_thread_blocked, id=23676, stack(0x000000326ba00000,0x000000326bb00000) (1024K)]
  0x0000022c874100f0 JavaThread "Timer-129"                         [_thread_blocked, id=22100, stack(0x000000326ec00000,0x000000326ed00000) (1024K)]
  0x0000022c9f429880 JavaThread "Exec process"                      [_thread_in_native, id=27860, stack(0x000000326ef00000,0x000000326f000000) (1024K)]
  0x0000022c9f94e900 JavaThread "Exec process"                      [_thread_in_native, id=31488, stack(0x000000325e200000,0x000000325e300000) (1024K)]
  0x0000022c9f951060 JavaThread "Exec process"                      [_thread_in_native, id=15956, stack(0x000000326b500000,0x000000326b600000) (1024K)]
  0x0000022c9f94dbe0 JavaThread "Exec process"                      [_thread_in_native, id=28852, stack(0x000000326d300000,0x000000326d400000) (1024K)]
  0x0000022c9f950340 JavaThread "Exec process"                      [_thread_in_native, id=21864, stack(0x000000326d400000,0x000000326d500000) (1024K)]
  0x0000022c9f9544e0 JavaThread "Worker-942: Initialize workspace"        [_thread_blocked, id=33728, stack(0x000000326df00000,0x000000326e000000) (1024K)]
  0x0000022c9f952aa0 JavaThread "Exec process"                      [_thread_in_native, id=21808, stack(0x000000326fb00000,0x000000326fc00000) (1024K)]
  0x0000022c9f955f20 JavaThread "Exec process"                      [_thread_in_native, id=11088, stack(0x000000326ee00000,0x000000326ef00000) (1024K)]
  0x0000022c9f956c40 JavaThread "Exec process"                      [_thread_in_native, id=36028, stack(0x000000326e900000,0x000000326ea00000) (1024K)]
  0x0000022c9f95ade0 JavaThread "Exec process"                      [_thread_in_native, id=36244, stack(0x0000003270200000,0x0000003270300000) (1024K)]
  0x0000022c9f95a0c0 JavaThread "Exec process"                      [_thread_in_native, id=36292, stack(0x0000003270400000,0x0000003270500000) (1024K)]
  0x0000022c9f95a750 JavaThread "Timer-130"                         [_thread_blocked, id=36396, stack(0x0000003270500000,0x0000003270600000) (1024K)]
  0x0000022c9f957ff0 JavaThread "Exec process"                      [_thread_in_native, id=36472, stack(0x0000003270800000,0x0000003270900000) (1024K)]
  0x0000022c9f955200 JavaThread "Worker-955: Initialize workspace"        [_thread_blocked, id=19100, stack(0x000000326fe00000,0x000000326ff00000) (1024K)]
  0x0000022c9f958d10 JavaThread "Connection worker"                 [_thread_blocked, id=35076, stack(0x0000003270f00000,0x0000003271000000) (1024K)]
  0x0000022c9f95c820 JavaThread "pool-132-thread-1"                 [_thread_blocked, id=35316, stack(0x0000003271300000,0x0000003271400000) (1024K)]
  0x0000022c9f960330 JavaThread "Timer-131"                         [_thread_blocked, id=11980, stack(0x0000003271400000,0x0000003271500000) (1024K)]
  0x0000022c9f962400 JavaThread "Exec process"                      [_thread_in_native, id=22816, stack(0x000000326c300000,0x000000326c400000) (1024K)]
  0x0000022c9f961050 JavaThread "Worker-971: Initialize workspace"        [_thread_blocked, id=10128, stack(0x000000326cf00000,0x000000326d000000) (1024K)]
  0x0000022c9f961d70 JavaThread "Exec process"                      [_thread_in_native, id=24408, stack(0x000000326d200000,0x000000326d300000) (1024K)]
  0x0000022c9f966c30 JavaThread "Exec process"                      [_thread_in_native, id=36972, stack(0x0000003271700000,0x0000003271800000) (1024K)]
  0x0000022c9f9637b0 JavaThread "Exec process"                      [_thread_in_native, id=36984, stack(0x0000003271800000,0x0000003271900000) (1024K)]
  0x0000022c9f953130 JavaThread "Exec process"                      [_thread_in_native, id=37068, stack(0x0000003260500000,0x0000003260600000) (1024K)]
  0x0000022c9f954b70 JavaThread "Exec process"                      [_thread_in_native, id=37100, stack(0x000000326c100000,0x000000326c200000) (1024K)]
  0x0000022c9f9651f0 JavaThread "Exec process"                      [_thread_in_native, id=37388, stack(0x000000326f300000,0x000000326f400000) (1024K)]
  0x0000022c9f9593a0 JavaThread "Timer-132"                         [_thread_blocked, id=37628, stack(0x000000326fc00000,0x000000326fd00000) (1024K)]
  0x0000022c9f9644d0 JavaThread "Exec process"                      [_thread_in_native, id=37724, stack(0x0000003271c00000,0x0000003271d00000) (1024K)]
  0x0000022c9f964b60 JavaThread "Exec process"                      [_thread_in_native, id=37792, stack(0x0000003271e00000,0x0000003271f00000) (1024K)]
  0x0000022c9f9672c0 JavaThread "Exec process"                      [_thread_in_native, id=37456, stack(0x000000325e400000,0x000000325e500000) (1024K)]
  0x0000022c9f968d00 JavaThread "Exec process"                      [_thread_in_native, id=25892, stack(0x0000003271b00000,0x0000003271c00000) (1024K)]
  0x0000022c9f9665a0 JavaThread "Worker-980: Initialize workspace"        [_thread_blocked, id=30552, stack(0x0000003272400000,0x0000003272500000) (1024K)]
  0x0000022c9f95ceb0 JavaThread "Exec process"                      [_thread_in_native, id=37972, stack(0x000000326ce00000,0x000000326cf00000) (1024K)]
  0x0000022c9f96b460 JavaThread "Connection worker"                 [_thread_blocked, id=38552, stack(0x000000326d900000,0x000000326da00000) (1024K)]
  0x0000022c9f969a20 JavaThread "pool-134-thread-1"                 [_thread_blocked, id=38632, stack(0x000000326d800000,0x000000326d900000) (1024K)]
  0x0000022c9f952410 JavaThread "Timer-133"                         [_thread_blocked, id=18872, stack(0x000000326db00000,0x000000326dc00000) (1024K)]
  0x0000022c9f4228f0 JavaThread "Exec process"                      [_thread_in_native, id=32296, stack(0x000000326dc00000,0x000000326dd00000) (1024K)]
  0x0000022c9f41d3a0 JavaThread "Exec process"                      [_thread_in_native, id=38888, stack(0x0000003254500000,0x0000003254600000) (1024K)]
  0x0000022c9f4249c0 JavaThread "Exec process"                      [_thread_in_native, id=39192, stack(0x0000003251500000,0x0000003251600000) (1024K)]
  0x0000022c9f4291f0 JavaThread "Worker-996: Initialize workspace"        [_thread_blocked, id=39460, stack(0x0000003258200000,0x0000003258300000) (1024K)]
  0x0000022c9f94d550 JavaThread "Timer-134"                         [_thread_blocked, id=28132, stack(0x0000003251600000,0x0000003251700000) (1024K)]
  0x0000022c9f9516f0 JavaThread "Connection worker"                 [_thread_blocked, id=39164, stack(0x0000003252e00000,0x0000003252f00000) (1024K)]
  0x0000022c9f9537c0 JavaThread "Worker-1009: Initialize workspace"        [_thread_blocked, id=20452, stack(0x000000326e000000,0x000000326e100000) (1024K)]
  0x0000022c9f95d540 JavaThread "Timer-135"                         [_thread_blocked, id=29972, stack(0x000000326e600000,0x000000326e700000) (1024K)]
  0x0000022c9f953e50 JavaThread "Worker-1013: Initialize workspace"        [_thread_blocked, id=24508, stack(0x000000326e200000,0x000000326e300000) (1024K)]
  0x0000022c9f95ef80 JavaThread "Connection worker"                 [_thread_blocked, id=36496, stack(0x000000326f800000,0x000000326f900000) (1024K)]
  0x0000022c9f959a30 JavaThread "Connection worker"                 [_thread_blocked, id=37448, stack(0x000000326e400000,0x000000326e500000) (1024K)]
  0x0000022c9f94e270 JavaThread "Connection worker"                 [_thread_blocked, id=35944, stack(0x0000003264200000,0x0000003264300000) (1024K)]
  0x0000022c9f9565b0 JavaThread "Timer-136"                         [_thread_blocked, id=35964, stack(0x0000003265400000,0x0000003265500000) (1024K)]
  0x0000022c9f94fcb0 JavaThread "Connection worker"                 [_thread_in_native, id=39448, stack(0x0000003259000000,0x0000003259100000) (1024K)]
  0x0000022c9f957960 JavaThread "pool-136-thread-1"                 [_thread_blocked, id=39484, stack(0x000000326e300000,0x000000326e400000) (1024K)]
  0x0000022c9f95c190 JavaThread "Connection worker"                 [_thread_blocked, id=23096, stack(0x000000325f900000,0x000000325fa00000) (1024K)]
  0x0000022c9f95e260 JavaThread "Worker-1027: Initialize workspace"        [_thread_blocked, id=39332, stack(0x000000326d000000,0x000000326d100000) (1024K)]
  0x0000022c9f95e8f0 JavaThread "Timer-137"                         [_thread_blocked, id=34276, stack(0x000000325a900000,0x000000325aa00000) (1024K)]
  0x0000022c9f95f610 JavaThread "Connection worker"                 [_thread_blocked, id=15532, stack(0x000000326eb00000,0x000000326ec00000) (1024K)]
  0x0000022c9f963e40 JavaThread "Connection worker"                 [_thread_blocked, id=20276, stack(0x000000326f000000,0x000000326f100000) (1024K)]
  0x0000022c9f967950 JavaThread "pool-138-thread-1"                 [_thread_blocked, id=33668, stack(0x000000326f700000,0x000000326f800000) (1024K)]
  0x0000022c9f96c180 JavaThread "Worker-1043: Initialize workspace"        [_thread_blocked, id=38320, stack(0x000000326b600000,0x000000326b700000) (1024K)]
  0x0000022c851b0d40 JavaThread "Timer-138"                         [_thread_blocked, id=32196, stack(0x000000325c600000,0x000000325c700000) (1024K)]
  0x0000022c851b5570 JavaThread "Connection worker"                 [_thread_in_native, id=38472, stack(0x000000326fa00000,0x000000326fb00000) (1024K)]
  0x0000022c851b9da0 JavaThread "Worker-1053: Initialize workspace"        [_thread_blocked, id=6512, stack(0x000000325a500000,0x000000325a600000) (1024K)]
  0x0000022c9f41e0c0 JavaThread "Connection worker"                 [_thread_blocked, id=36192, stack(0x000000326fd00000,0x000000326fe00000) (1024K)]
  0x0000022c9f42a5a0 JavaThread "Timer-139"                         [_thread_blocked, id=39228, stack(0x0000003253800000,0x0000003253900000) (1024K)]
  0x0000022c9f42b950 JavaThread "Connection worker"                 [_thread_in_native, id=14208, stack(0x0000003264e00000,0x0000003264f00000) (1024K)]
  0x0000022c9f42cd00 JavaThread "pool-140-thread-1"                 [_thread_blocked, id=17544, stack(0x0000003259100000,0x0000003259200000) (1024K)]
  0x0000022c9f95b470 JavaThread "Worker-1066: Initialize workspace"        [_thread_blocked, id=35148, stack(0x0000003263b00000,0x0000003263c00000) (1024K)]
  0x0000022c9f968670 JavaThread "Timer-140"                         [_thread_blocked, id=19412, stack(0x0000003264600000,0x0000003264700000) (1024K)]
  0x0000022c9f96c810 JavaThread "Connection worker"                 [_thread_blocked, id=32824, stack(0x000000326f900000,0x000000326fa00000) (1024K)]
  0x0000022c9f95bb00 JavaThread "Exec process"                      [_thread_in_native, id=11336, stack(0x000000326ff00000,0x0000003270000000) (1024K)]
  0x0000022c9f95fca0 JavaThread "Worker-1073: Initialize workspace"        [_thread_blocked, id=37912, stack(0x0000003269700000,0x0000003269800000) (1024K)]
  0x0000022c9f96a0b0 JavaThread "Connection worker"                 [_thread_blocked, id=24000, stack(0x0000003260a00000,0x0000003260b00000) (1024K)]
  0x0000022c9f965f10 JavaThread "Timer-141"                         [_thread_blocked, id=21576, stack(0x0000003251300000,0x0000003251400000) (1024K)]
  0x0000022c92436240 JavaThread "pool-142-thread-1"                 [_thread_blocked, id=37572, stack(0x0000003270600000,0x0000003270700000) (1024K)]
  0x0000022c92437c80 JavaThread "Worker-1084: Initialize workspace"        [_thread_blocked, id=30596, stack(0x0000003255a00000,0x0000003255b00000) (1024K)]
  0x0000022c924396c0 JavaThread "Connection worker"                 [_thread_blocked, id=38500, stack(0x0000003262100000,0x0000003262200000) (1024K)]
  0x0000022c9243a3e0 JavaThread "Connection worker"                 [_thread_blocked, id=39172, stack(0x0000003270000000,0x0000003270100000) (1024K)]
  0x0000022c92434e90 JavaThread "pool-143-thread-1"                 [_thread_blocked, id=38916, stack(0x0000003269400000,0x0000003269500000) (1024K)]
  0x0000022c931a9040 JavaThread "Timer-142"                         [_thread_blocked, id=33488, stack(0x0000003255100000,0x0000003255200000) (1024K)]
  0x0000022c9319ffe0 JavaThread "Worker-1096: Initialize workspace"        [_thread_blocked, id=40632, stack(0x0000003259800000,0x0000003259900000) (1024K)]
  0x0000022c931a1a20 JavaThread "Timer-143"                         [_thread_blocked, id=5772, stack(0x0000003257e00000,0x0000003257f00000) (1024K)]
  0x0000022c931a6f70 JavaThread "Worker-1106: Initialize workspace"        [_thread_blocked, id=23240, stack(0x0000003259300000,0x0000003259400000) (1024K)]
  0x0000022c931abe30 JavaThread "Connection worker"                 [_thread_in_native, id=40400, stack(0x0000003260300000,0x0000003260400000) (1024K)]
  0x0000022c9f41f470 JavaThread "Timer-144"                         [_thread_blocked, id=40568, stack(0x000000326bb00000,0x000000326bc00000) (1024K)]
  0x0000022c9f41bff0 JavaThread "Worker-1113: Initialize workspace"        [_thread_blocked, id=4380, stack(0x0000003270900000,0x0000003270a00000) (1024K)]
  0x0000022c9f426400 JavaThread "Timer-145"                         [_thread_blocked, id=18548, stack(0x0000003270c00000,0x0000003270d00000) (1024K)]
  0x0000022c9f420820 JavaThread "pool-145-thread-1"                 [_thread_blocked, id=39048, stack(0x000000325bd00000,0x000000325be00000) (1024K)]
  0x0000022c9f42b2c0 JavaThread "Worker-1118: Initialize workspace"        [_thread_blocked, id=39808, stack(0x0000003270a00000,0x0000003270b00000) (1024K)]
  0x0000022c9f42e0b0 JavaThread "Timer-146"                         [_thread_blocked, id=36832, stack(0x0000003270d00000,0x0000003270e00000) (1024K)]
  0x0000022c9f419f20 JavaThread "Worker-1126: Initialize workspace"        [_thread_blocked, id=40408, stack(0x0000003252900000,0x0000003252a00000) (1024K)]
  0x0000022c851b06b0 JavaThread "Connection worker"                 [_thread_in_Java, id=40756, stack(0x0000003254300000,0x0000003254400000) (1024K)]
  0x0000022c851b6290 JavaThread "Timer-147"                         [_thread_blocked, id=32164, stack(0x0000003263400000,0x0000003263500000) (1024K)]
  0x0000022c851b6920 JavaThread "Connection worker"                 [_thread_blocked, id=40796, stack(0x0000003268400000,0x0000003268500000) (1024K)]
  0x0000022c9f96baf0 JavaThread "pool-146-thread-1"                 [_thread_blocked, id=39292, stack(0x0000003270b00000,0x0000003270c00000) (1024K)]
  0x0000022c9f967fe0 JavaThread "pool-147-thread-1"                 [_thread_blocked, id=40936, stack(0x0000003270e00000,0x0000003270f00000) (1024K)]
  0x0000022c9f9509d0 JavaThread "Worker-1142: Initialize workspace"        [_thread_blocked, id=11532, stack(0x0000003253600000,0x0000003253700000) (1024K)]
  0x0000022c93d2b2c0 JavaThread "Connection worker"                 [_thread_blocked, id=26036, stack(0x0000003254d00000,0x0000003254e00000) (1024K)]
  0x0000022c93d30810 JavaThread "pool-149-thread-1"                 [_thread_blocked, id=34164, stack(0x0000003262c00000,0x0000003262d00000) (1024K)]
  0x0000022c93d37110 JavaThread "Timer-148"                         [_thread_blocked, id=40504, stack(0x0000003268000000,0x0000003268100000) (1024K)]
  0x0000022c93d2d390 JavaThread "Worker-1156: Initialize workspace"        [_thread_blocked, id=40480, stack(0x000000325f400000,0x000000325f500000) (1024K)]
  0x0000022c9f9616e0 JavaThread "Timer-149"                         [_thread_blocked, id=40172, stack(0x0000003271100000,0x0000003271200000) (1024K)]
  0x0000022c931a20b0 JavaThread "Worker-1164: Initialize workspace"        [_thread_in_Java, id=32152, stack(0x0000003270700000,0x0000003270800000) (1024K)]
  0x0000022c9f955890 JavaThread "Connection worker"                 [_thread_blocked, id=34072, stack(0x0000003264900000,0x0000003264a00000) (1024K)]
  0x0000022c9f96a740 JavaThread "pool-150-thread-1"                 [_thread_blocked, id=32820, stack(0x0000003271600000,0x0000003271700000) (1024K)]
  0x0000022c9f963120 JavaThread "Timer-150"                         [_thread_blocked, id=40860, stack(0x0000003271500000,0x0000003271600000) (1024K)]
  0x0000022c86a32ab0 JavaThread "Worker-1175: Initialize workspace"        [_thread_blocked, id=6868, stack(0x000000326ae00000,0x000000326af00000) (1024K)]
  0x0000022c931a68e0 JavaThread "Connection worker"                 [_thread_blocked, id=40432, stack(0x000000325ab00000,0x000000325ac00000) (1024K)]
  0x0000022c931aaa80 Thread "Unknown thread"                        [id=7340124, stack(0x0000003260b00000,0x0000003260c00000) (1024K)]
  0x0000022c931a8320 Thread "Unknown thread"                        [id=0, stack(0x000000325e900000,0x000000325ea00000) (1024K)]
  0x0000022c931a9d60 JavaThread "Connection worker"                 [_thread_in_native, id=20428, stack(0x0000003262600000,0x0000003262700000) (1024K)]
  0x0000022c93d35d60 JavaThread "Timer-151"                         [_thread_blocked, id=26148, stack(0x000000325a800000,0x000000325a900000) (1024K)]
  0x0000022c93d32f70 JavaThread "pool-152-thread-1"                 [_thread_blocked, id=1620, stack(0x0000003263800000,0x0000003263900000) (1024K)]
  0x0000022c93d328e0 JavaThread "Worker-1191: Initialize workspace"        [_thread_blocked, id=28756, stack(0x000000325dc00000,0x000000325dd00000) (1024K)]
  0x0000022c9f420eb0 JavaThread "Timer-152"                         [_thread_blocked, id=21660, stack(0x000000326e800000,0x000000326e900000) (1024K)]
  0x0000022c9f4328e0 JavaThread "Exec process"                      [_thread_in_native, id=2444, stack(0x0000003271900000,0x0000003271a00000) (1024K)]
  0x0000022c87dec7d0 JavaThread "Exec process Thread 2"             [_thread_blocked, id=37620, stack(0x0000003271a00000,0x0000003271b00000) (1024K)]
  0x0000022c87dee210 JavaThread "Exec process"                      [_thread_in_native, id=38792, stack(0x000000326b400000,0x000000326b500000) (1024K)]
  0x0000022c87dee8a0 JavaThread "Exec process Thread 2"             [_thread_blocked, id=32308, stack(0x000000326f600000,0x000000326f700000) (1024K)]
  0x0000022c87dead90 JavaThread "Exec process"                      [_thread_in_native, id=21412, stack(0x0000003251400000,0x0000003251500000) (1024K)]
  0x0000022c847784e0 JavaThread "Exec process Thread 2"             [_thread_blocked, id=39160, stack(0x0000003271f00000,0x0000003272000000) (1024K)]
  0x0000022c847777c0 JavaThread "Worker-1203: Initialize workspace"        [_thread_blocked, id=12108, stack(0x0000003271200000,0x0000003271300000) (1024K)]
  0x0000022c93d384c0 JavaThread "Exec process"                      [_thread_in_native, id=34216, stack(0x0000003272100000,0x0000003272200000) (1024K)]
  0x0000022c93d391e0 Thread "Unknown thread"                        [id=33516, stack(0x000000325fb00000,0x000000325fc00000) (1024K)]
  0x0000022c851af990 JavaThread "Exec process"                      [_thread_in_native, id=37208, stack(0x0000003272200000,0x0000003272300000) (1024K)]
  0x0000022c9f962a90 JavaThread "Exec process Thread 2"             [_thread_blocked, id=21468, stack(0x0000003272800000,0x0000003272900000) (1024K)]
  0x0000022c9f95dbd0 JavaThread "Timer-153"                         [_thread_blocked, id=11776, stack(0x0000003272600000,0x0000003272700000) (1024K)]
  0x0000022c85c361e0 Thread "Unknown thread"                        [id=9276, stack(0x0000003272900000,0x0000003272a00000) (1024K)]
  0x0000022c85c42030 JavaThread "Exec process Thread 2"             [_thread_blocked, id=4640, stack(0x0000003271d00000,0x0000003271e00000) (1024K)]
  0x0000022c85c37c20 JavaThread "Exec process"                      [_thread_in_native, id=38388, stack(0x0000003271000000,0x0000003271100000) (1024K)]
  0x0000022c87bc1070 JavaThread "Exec process Thread 2"             [_thread_blocked, id=12668, stack(0x0000003272a00000,0x0000003272b00000) (1024K)]
  0x0000022c87d006b0 JavaThread "Worker-1213: Initialize workspace"        [_thread_blocked, id=37204, stack(0x0000003272500000,0x0000003272600000) (1024K)]
  0x0000022c851b20f0 Thread "Unknown thread"                        [id=36880, stack(0x0000003272c00000,0x0000003272d00000) (1024K)]
  0x0000022c86a35210 JavaThread "Timer-154"                         [_thread_blocked, id=41168, stack(0x0000003273000000,0x0000003273100000) (1024K)]
  0x0000022c888030f0 Thread "Unknown thread"                        [id=41184, stack(0x0000003273200000,0x0000003273300000) (1024K)]
  0x0000022c888099f0 JavaThread "Exec process"                      [_thread_in_native, id=41336, stack(0x0000003272000000,0x0000003272100000) (1024K)]
  0x0000022c92439d50 JavaThread "Exec process"                      [_thread_in_native, id=41408, stack(0x0000003272300000,0x0000003272400000) (1024K)]
  0x0000022c9243b790 JavaThread "Exec process"                      [_thread_in_native, id=41528, stack(0x0000003272700000,0x0000003272800000) (1024K)]
  0x0000022c869c5550 JavaThread "Exec process Thread 2"             [_thread_blocked, id=41568, stack(0x0000003273400000,0x0000003273500000) (1024K)]
  0x0000022c9f965880 JavaThread "Exec process Thread 2"             [_thread_blocked, id=41608, stack(0x0000003273600000,0x0000003273700000) (1024K)]
  0x0000022c87bbfcc0 JavaThread "Worker-1221: Initialize workspace"        [_thread_blocked, id=41644, stack(0x0000003272e00000,0x0000003272f00000) (1024K)]
  0x0000022c851b34a0 JavaThread "Exec process Thread 2"             [_thread_blocked, id=41904, stack(0x0000003273300000,0x0000003273400000) (1024K)]
  0x0000022c84776aa0 JavaThread "Connection worker"                 [_thread_blocked, id=41916, stack(0x0000003273800000,0x0000003273900000) (1024K)]
  0x0000022c9e28d5a0 JavaThread "Exec process"                      [_thread_in_native, id=41964, stack(0x0000003273900000,0x0000003273a00000) (1024K)]
  0x0000022c9f42edd0 JavaThread "Exec process Thread 2"             [_thread_blocked, id=39376, stack(0x0000003273b00000,0x0000003273c00000) (1024K)]
  0x0000022c8682a4f0 JavaThread "Exec process"                      [_thread_in_native, id=40536, stack(0x0000003272b00000,0x0000003272c00000) (1024K)]
  0x0000022c931acb50 JavaThread "Exec process"                      [_thread_in_native, id=41144, stack(0x0000003273100000,0x0000003273200000) (1024K)]
  0x0000022c851acba0 JavaThread "Exec process"                      [_thread_in_native, id=33804, stack(0x0000003273500000,0x0000003273600000) (1024K)]
  0x0000022c86889b00 JavaThread "Timer-155"                         [_thread_blocked, id=38736, stack(0x0000003273a00000,0x0000003273b00000) (1024K)]
  0x0000022c869c3b10 JavaThread "pool-156-thread-1"                 [_thread_blocked, id=41852, stack(0x0000003273c00000,0x0000003273d00000) (1024K)]
  0x0000022d02478250 JavaThread "Exec process Thread 2"             [_thread_blocked, id=15824, stack(0x0000003273f00000,0x0000003274000000) (1024K)]
  0x0000022d02476810 JavaThread "Exec process Thread 2"             [_thread_blocked, id=41664, stack(0x0000003274000000,0x0000003274100000) (1024K)]
  0x0000022d02475af0 JavaThread "Exec process Thread 2"             [_thread_blocked, id=37492, stack(0x0000003273e00000,0x0000003273f00000) (1024K)]
  0x0000022d02476ea0 JavaThread "Worker-1234: Initialize workspace"        [_thread_blocked, id=42044, stack(0x0000003256c00000,0x0000003256d00000) (1024K)]
  0x0000022d02475460 JavaThread "Exec process"                      [_thread_in_native, id=42144, stack(0x0000003273700000,0x0000003273800000) (1024K)]
  0x0000022d02478f70 JavaThread "Exec process"                      [_thread_in_native, id=42440, stack(0x0000003274200000,0x0000003274300000) (1024K)]
  0x0000022d02477530 JavaThread "Exec process"                      [_thread_in_native, id=42464, stack(0x0000003274400000,0x0000003274500000) (1024K)]
  0x0000022d02476180 JavaThread "Exec process Thread 2"             [_thread_blocked, id=42620, stack(0x0000003274100000,0x0000003274200000) (1024K)]
  0x0000022d0247a320 JavaThread "Connection worker"                 [_thread_blocked, id=42680, stack(0x0000003273d00000,0x0000003273e00000) (1024K)]
  0x0000022d024788e0 JavaThread "Exec process Thread 2"             [_thread_blocked, id=42688, stack(0x0000003274500000,0x0000003274600000) (1024K)]
  0x0000022d02479600 JavaThread "Exec process"                      [_thread_in_native, id=42740, stack(0x0000003274300000,0x0000003274400000) (1024K)]
  0x0000022d02479c90 JavaThread "Exec process"                      [_thread_in_native, id=42752, stack(0x0000003274600000,0x0000003274700000) (1024K)]
  0x0000022d0245de50 JavaThread "Exec process Thread 2"             [_thread_blocked, id=42792, stack(0x0000003274800000,0x0000003274900000) (1024K)]
  0x0000022d0245d7c0 JavaThread "Exec process Thread 2"             [_thread_blocked, id=42956, stack(0x0000003274b00000,0x0000003274c00000) (1024K)]
  0x0000022d0245d130 JavaThread "Timer-156"                         [_thread_blocked, id=42976, stack(0x0000003274900000,0x0000003274a00000) (1024K)]
  0x0000022d0245eb70 JavaThread "Exec process Thread 2"             [_thread_blocked, id=41496, stack(0x0000003274f00000,0x0000003275000000) (1024K)]
  0x0000022d0245b6f0 JavaThread "pool-157-thread-1"                 [_thread_blocked, id=42176, stack(0x0000003267300000,0x0000003267400000) (1024K)]
  0x0000022d0245e4e0 JavaThread "Worker-1244: Initialize workspace"        [_thread_blocked, id=180, stack(0x0000003274d00000,0x0000003274e00000) (1024K)]
  0x0000022d0245bd80 JavaThread "Timer-157"                         [_thread_blocked, id=43132, stack(0x0000003275000000,0x0000003275100000) (1024K)]
  0x0000022d02461960 JavaThread "Connection worker"                 [_thread_blocked, id=43192, stack(0x0000003275500000,0x0000003275600000) (1024K)]
  0x0000022d024612d0 JavaThread "pool-158-thread-1"                 [_thread_blocked, id=43280, stack(0x0000003275700000,0x0000003275800000) (1024K)]
  0x0000022d0245f890 JavaThread "Worker-1254: Validating Gradle wrapper checksum..."        [_thread_in_native, id=43284, stack(0x0000003275a00000,0x0000003275b00000) (1024K)]
  0x0000022d02460c40 JavaThread "Worker-1256: Initialize workspace"        [_thread_blocked, id=43336, stack(0x0000003275100000,0x0000003275200000) (1024K)]
  0x0000022d02464750 JavaThread "Timer-158"                         [_thread_blocked, id=43464, stack(0x000000324f400000,0x000000324f500000) (1024K)]
  0x0000022d02462680 JavaThread "Connection worker"                 [_thread_blocked, id=43852, stack(0x0000003261800000,0x0000003261900000) (1024K)]
  0x0000022d0245f200 JavaThread "Connection worker"                 [_thread_blocked, id=43912, stack(0x000000325fc00000,0x000000325fd00000) (1024K)]
  0x0000022d02463a30 JavaThread "Connection worker"                 [_thread_blocked, id=43980, stack(0x0000003263600000,0x0000003263700000) (1024K)]
  0x0000022d0245c410 JavaThread "Worker-1264: Initialize workspace"        [_thread_blocked, id=36728, stack(0x0000003274a00000,0x0000003274b00000) (1024K)]
  0x0000022d02464de0 JavaThread "Connection worker"                 [_thread_blocked, id=41280, stack(0x000000326a000000,0x000000326a100000) (1024K)]
  0x0000022d0245caa0 Thread "Unknown thread"                        [id=43224, stack(0x0000003274700000,0x0000003274800000) (1024K)]
  0x0000022d0245b060 JavaThread "Timer-159"                         [_thread_blocked, id=12632, stack(0x0000003272c00000,0x0000003272d00000) (1024K)]
  0x0000022d02466190 Thread "Unknown thread"                        [id=0, stack(0x0000003272d00000,0x0000003272e00000) (1024K)]
  0x0000022d024688f0 Thread "Unknown thread"                        [id=0, stack(0x0000003275200000,0x0000003275300000) (1024K)]
  0x0000022d024633a0 Thread "Unknown thread"                        [id=43496, stack(0x0000003262e00000,0x0000003262f00000) (1024K)]
  0x0000022d0245ff20 Thread "Unknown thread"                        [id=40500, stack(0x0000003264a00000,0x0000003264b00000) (1024K)]
  0x0000022d02461ff0 JavaThread "Exec process"                      [_thread_in_native, id=43716, stack(0x0000003261d00000,0x0000003261e00000) (1024K)]
  0x0000022d02462d10 JavaThread "Connection worker"                 [_thread_blocked, id=42476, stack(0x0000003262800000,0x0000003262900000) (1024K)]
  0x0000022d024605b0 JavaThread "Connection worker"                 [_thread_in_native, id=42484, stack(0x0000003262d00000,0x0000003262e00000) (1024K)]
  0x0000022d024640c0 JavaThread "Connection worker"                 [_thread_blocked, id=42488, stack(0x0000003268f00000,0x0000003269000000) (1024K)]
  0x0000022d02467540 JavaThread "Connection worker"                 [_thread_blocked, id=42428, stack(0x0000003269d00000,0x0000003269e00000) (1024K)]
  0x0000022d02467bd0 JavaThread "Exec process Thread 2"             [_thread_blocked, id=40684, stack(0x000000326f100000,0x000000326f200000) (1024K)]
  0x0000022d02468260 JavaThread "pool-159-thread-1"                 [_thread_blocked, id=43792, stack(0x000000326c900000,0x000000326ca00000) (1024K)]
  0x0000022d02466eb0 JavaThread "Connection worker"                 [_thread_blocked, id=41236, stack(0x000000326ed00000,0x000000326ee00000) (1024K)]
  0x0000022d02465470 JavaThread "Exec process"                      [_thread_in_native, id=43316, stack(0x000000326f200000,0x000000326f300000) (1024K)]
  0x0000022d02466820 JavaThread "Exec process"                      [_thread_blocked, id=43604, stack(0x0000003270100000,0x0000003270200000) (1024K)]
  0x0000022d02468f80 JavaThread "Worker-1272: Initialize Workspace"        [_thread_blocked, id=43580, stack(0x0000003270300000,0x0000003270400000) (1024K)]
  0x0000022d02465b00 JavaThread "ProjectImportProgressReporter" daemon [_thread_blocked, id=43276, stack(0x0000003272f00000,0x0000003273000000) (1024K)]
Total: 594

Other Threads:
  0x0000022ca5ac8cc0 VMThread "VM Thread"                           [id=5532, stack(0x000000324f800000,0x000000324f900000) (1024K)] _threads_hazard_ptr=0x0000022d012d72e0
  0x0000022ca5a992a0 WatcherThread "VM Periodic Task Thread"        [id=1228, stack(0x000000324f700000,0x000000324f800000) (1024K)]
  0x0000022ca5a4c2c0 WorkerThread "GC Thread#0"                     [id=14708, stack(0x000000324f600000,0x000000324f700000) (1024K)]
  0x0000022cff211eb0 WorkerThread "GC Thread#1"                     [id=22384, stack(0x0000003250400000,0x0000003250500000) (1024K)]
  0x0000022c84089fe0 WorkerThread "GC Thread#2"                     [id=12500, stack(0x0000003250500000,0x0000003250600000) (1024K)]
  0x0000022c8408a390 WorkerThread "GC Thread#3"                     [id=21648, stack(0x0000003250600000,0x0000003250700000) (1024K)]
  0x0000022cff55cd10 WorkerThread "GC Thread#4"                     [id=6384, stack(0x0000003250700000,0x0000003250800000) (1024K)]
  0x0000022cff55d0c0 WorkerThread "GC Thread#5"                     [id=25996, stack(0x0000003250800000,0x0000003250900000) (1024K)]
  0x0000022cff9a13b0 WorkerThread "GC Thread#6"                     [id=9596, stack(0x0000003250900000,0x0000003250a00000) (1024K)]
  0x0000022c8412ce90 WorkerThread "GC Thread#7"                     [id=25940, stack(0x0000003250c00000,0x0000003250d00000) (1024K)]
Total: 10

Threads with active compile tasks:
C2 CompilerThread0  718625 17807       4       org.eclipse.jdt.ls.core.internal.handlers.BundleUtils::getBundles (180 bytes)
Total: 1

VM state: synchronizing (normal execution)

VM Mutex/Monitor currently owned by a thread:  ([mutex/lock_event])
[0x00007ffe5c27f5b0] Threads_lock - owner thread: 0x0000022ca5ac8cc0
[0x00007ffe5c27f6b0] Heap_lock - owner thread: 0x0000022c87bb9a50

Heap address: 0x0000000080000000, size: 2048 MB, Compressed Oops mode: 32-bit

CDS archive(s) mapped at: [0x0000022cbd000000-0x0000022cbdba0000-0x0000022cbdba0000), size 12189696, SharedBaseAddress: 0x0000022cbd000000, ArchiveRelocationMode: 1.
Compressed class space mapped at: 0x0000022cbe000000-0x0000022cfe000000, reserved size: 1073741824
Narrow klass base: 0x0000022cbd000000, Narrow klass shift: 0, Narrow klass range: 0x100000000

GC Precious Log:
 CardTable entry size: 512
 CPUs: 8 total, 8 available
 Memory: 16122M
 Large Page Support: Disabled
 NUMA Support: Disabled
 Compressed Oops: Enabled (32-bit)
 Alignments: Space 512K, Generation 512K, Heap 2M
 Heap Min Capacity: 100M
 Heap Initial Capacity: 100M
 Heap Max Capacity: 2G
 Pre-touch: Disabled
 Parallel Workers: 8

Heap:
 PSYoungGen      total 1536K, used 1279K [0x00000000d5580000, 0x00000000d5800000, 0x0000000100000000)
  eden space 1024K, 99% used [0x00000000d5580000,0x00000000d567ffe0,0x00000000d5680000)
  from space 512K, 50% used [0x00000000d5700000,0x00000000d5740000,0x00000000d5780000)
  to   space 512K, 0% used [0x00000000d5780000,0x00000000d5780000,0x00000000d5800000)
 ParOldGen       total 993280K, used 354307K [0x0000000080000000, 0x00000000bca00000, 0x00000000d5580000)
  object space 993280K, 35% used [0x0000000080000000,0x0000000095a00d90,0x00000000bca00000)
 Metaspace       used 76915K, committed 79296K, reserved 1179648K
  class space    used 8881K, committed 10048K, reserved 1048576K

Card table byte_map: [0x0000022ca53c0000,0x0000022ca57d0000] _byte_map_base: 0x0000022ca4fc0000

Marking Bits: (ParMarkBitMap*) 0x00007ffe5c2844a0
 Begin Bits: [0x0000022cb7ed0000, 0x0000022cb9ed0000)
 End Bits:   [0x0000022cb9ed0000, 0x0000022cbbed0000)

Polling page: 0x0000022ca38c0000

Metaspace:

Usage:
  Non-class:     66.44 MB used.
      Class:      8.67 MB used.
       Both:     75.11 MB used.

Virtual space:
  Non-class space:      128.00 MB reserved,      67.62 MB ( 53%) committed,  2 nodes.
      Class space:        1.00 GB reserved,       9.81 MB ( <1%) committed,  1 nodes.
             Both:        1.12 GB reserved,      77.44 MB (  7%) committed. 

Chunk freelists:
   Non-Class:  12.04 MB
       Class:  6.12 MB
        Both:  18.16 MB

MaxMetaspaceSize: unlimited
CompressedClassSpaceSize: 1.00 GB
Initial GC threshold: 21.00 MB
Current GC threshold: 126.56 MB
CDS: on
 - commit_granule_bytes: 65536.
 - commit_granule_words: 8192.
 - virtual_space_node_default_size: 8388608.
 - enlarge_chunks_in_place: 1.
 - use_allocation_guard: 0.


Internal statistics:

num_allocs_failed_limit: 9.
num_arena_births: 3072.
num_arena_deaths: 486.
num_vsnodes_births: 3.
num_vsnodes_deaths: 0.
num_space_committed: 1239.
num_space_uncommitted: 0.
num_chunks_returned_to_freelist: 657.
num_chunks_taken_from_freelist: 7145.
num_chunk_merges: 267.
num_chunk_splits: 4101.
num_chunks_enlarged: 2043.
num_inconsistent_stats: 0.

CodeHeap 'non-profiled nmethods': size=120000Kb used=13351Kb max_used=13351Kb free=106648Kb
 bounds [0x0000022cb06f0000, 0x0000022cb1400000, 0x0000022cb7c20000]
CodeHeap 'profiled nmethods': size=120000Kb used=34560Kb max_used=34560Kb free=85439Kb
 bounds [0x0000022ca8c20000, 0x0000022caadf0000, 0x0000022cb0150000]
CodeHeap 'non-nmethods': size=5760Kb used=1447Kb max_used=1516Kb free=4312Kb
 bounds [0x0000022cb0150000, 0x0000022cb03c0000, 0x0000022cb06f0000]
CodeCache: size=245760Kb, used=49358Kb, max_used=49427Kb, free=196399Kb
 total_blobs=17049, nmethods=16302, adapters=653, full_count=0
Compilation: enabled, stopped_count=0, restarted_count=0

Compilation events (20 events):
Event: 715.758 Thread 0x0000022cbc4cdb30 17800       1       java.util.regex.Matcher::hitEnd (5 bytes)
Event: 715.758 Thread 0x0000022cbc4cdb30 nmethod 17800 0x0000022cb0994f10 code [0x0000022cb09950a0, 0x0000022cb0995170]
Event: 715.758 Thread 0x0000022cbc4cdb30 17802       1       org.gradle.launcher.daemon.bootstrap.DaemonStartupCommunication::debugMessage (3 bytes)
Event: 715.758 Thread 0x0000022cbc4cdb30 nmethod 17802 0x0000022cb0994c10 code [0x0000022cb0994da0, 0x0000022cb0994e50]
Event: 715.890 Thread 0x0000022cbc4ad7e0 nmethod 17797 0x0000022cb13f2b90 code [0x0000022cb13f2e40, 0x0000022cb13f3d50]
Event: 715.890 Thread 0x0000022cbc4ad7e0 17801       4       java.util.regex.Matcher::groupCount (10 bytes)
Event: 715.891 Thread 0x0000022cbc4ad7e0 nmethod 17801 0x0000022cb0994910 code [0x0000022cb0994aa0, 0x0000022cb0994b48]
Event: 716.009 Thread 0x0000022cbc4ad7e0 17803   !   4       org.eclipse.osgi.storage.bundlefile.CloseableBundleFile$BundleEntryInputStream::close (86 bytes)
Event: 716.050 Thread 0x0000022cbc4ad7e0 nmethod 17803 0x0000022cb13f4910 code [0x0000022cb13f4b60, 0x0000022cb13f54d0]
Event: 716.466 Thread 0x0000022cbc4ad7e0 17804       4       org.eclipse.osgi.internal.log.EquinoxLogWriter::write (27 bytes)
Event: 716.486 Thread 0x0000022cbc4ad7e0 nmethod 17804 0x0000022cb13f5a90 code [0x0000022cb13f5cc0, 0x0000022cb13f6650]
Event: 717.330 Thread 0x0000022cbc4ad7e0 17805       4       java.io.DataOutputStream::writeLong (30 bytes)
Event: 717.350 Thread 0x0000022cbc4ad7e0 nmethod 17805 0x0000022cb13f6f10 code [0x0000022cb13f7160, 0x0000022cb13f7940]
Event: 717.350 Thread 0x0000022cbc4ad7e0 17806       4       java.util.TimSort::mergeLo (659 bytes)
Event: 717.405 Thread 0x0000022cbc4ad7e0 nmethod 17806 0x0000022cb13f8190 code [0x0000022cb13f83e0, 0x0000022cb13f95e0]
Event: 717.493 Thread 0x0000022cbc4ad7e0 17807       4       org.eclipse.jdt.ls.core.internal.handlers.BundleUtils::getBundles (180 bytes)
Event: 717.622 Thread 0x0000022cbc4cdb30 17808       3       java.util.AbstractList$RandomAccessSpliterator::tryAdvance (63 bytes)
Event: 717.623 Thread 0x0000022cbc4cdb30 nmethod 17808 0x0000022ca90c4290 code [0x0000022ca90c44e0, 0x0000022ca90c4c38]
Event: 717.702 Thread 0x0000022cbc4cdb30 17809   !   3       org.eclipse.jdt.launching.JavaRuntime::getDefaultVMInstall (84 bytes)
Event: 717.706 Thread 0x0000022cbc4cdb30 nmethod 17809 0x0000022ca94b3310 code [0x0000022ca94b35a0, 0x0000022ca94b4110]

GC Heap History (20 events):
Event: 716.448 GC heap before
{Heap before GC invocations=3493 (full 4):
 PSYoungGen      total 1536K, used 1536K [0x00000000d5580000, 0x00000000d5880000, 0x0000000100000000)
  eden space 1024K, 100% used [0x00000000d5580000,0x00000000d5680000,0x00000000d5680000)
  from space 512K, 100% used [0x00000000d5800000,0x00000000d5880000,0x00000000d5880000)
  to   space 1024K, 0% used [0x00000000d5680000,0x00000000d5680000,0x00000000d5780000)
 ParOldGen       total 993280K, used 350405K [0x0000000080000000, 0x00000000bca00000, 0x00000000d5580000)
  object space 993280K, 35% used [0x0000000080000000,0x0000000095631598,0x00000000bca00000)
 Metaspace       used 76915K, committed 79296K, reserved 1179648K
  class space    used 8881K, committed 10048K, reserved 1048576K
}
Event: 716.454 GC heap after
{Heap after GC invocations=3493 (full 4):
 PSYoungGen      total 2048K, used 705K [0x00000000d5580000, 0x00000000d5880000, 0x0000000100000000)
  eden space 1024K, 0% used [0x00000000d5580000,0x00000000d5580000,0x00000000d5680000)
  from space 1024K, 68% used [0x00000000d5680000,0x00000000d5730650,0x00000000d5780000)
  to   space 1024K, 0% used [0x00000000d5780000,0x00000000d5780000,0x00000000d5880000)
 ParOldGen       total 993280K, used 350861K [0x0000000080000000, 0x00000000bca00000, 0x00000000d5580000)
  object space 993280K, 35% used [0x0000000080000000,0x00000000956a3598,0x00000000bca00000)
 Metaspace       used 76915K, committed 79296K, reserved 1179648K
  class space    used 8881K, committed 10048K, reserved 1048576K
}
Event: 716.622 GC heap before
{Heap before GC invocations=3494 (full 4):
 PSYoungGen      total 2048K, used 1729K [0x00000000d5580000, 0x00000000d5880000, 0x0000000100000000)
  eden space 1024K, 100% used [0x00000000d5580000,0x00000000d5680000,0x00000000d5680000)
  from space 1024K, 68% used [0x00000000d5680000,0x00000000d5730650,0x00000000d5780000)
  to   space 1024K, 0% used [0x00000000d5780000,0x00000000d5780000,0x00000000d5880000)
 ParOldGen       total 993280K, used 350861K [0x0000000080000000, 0x00000000bca00000, 0x00000000d5580000)
  object space 993280K, 35% used [0x0000000080000000,0x00000000956a3598,0x00000000bca00000)
 Metaspace       used 76915K, committed 79296K, reserved 1179648K
  class space    used 8881K, committed 10048K, reserved 1048576K
}
Event: 716.626 GC heap after
{Heap after GC invocations=3494 (full 4):
 PSYoungGen      total 2048K, used 704K [0x00000000d5580000, 0x00000000d5880000, 0x0000000100000000)
  eden space 1024K, 0% used [0x00000000d5580000,0x00000000d5580000,0x00000000d5680000)
  from space 1024K, 68% used [0x00000000d5780000,0x00000000d5830000,0x00000000d5880000)
  to   space 1024K, 0% used [0x00000000d5680000,0x00000000d5680000,0x00000000d5780000)
 ParOldGen       total 993280K, used 351421K [0x0000000080000000, 0x00000000bca00000, 0x00000000d5580000)
  object space 993280K, 35% used [0x0000000080000000,0x000000009572f5c8,0x00000000bca00000)
 Metaspace       used 76915K, committed 79296K, reserved 1179648K
  class space    used 8881K, committed 10048K, reserved 1048576K
}
Event: 716.766 GC heap before
{Heap before GC invocations=3495 (full 4):
 PSYoungGen      total 2048K, used 1727K [0x00000000d5580000, 0x00000000d5880000, 0x0000000100000000)
  eden space 1024K, 99% used [0x00000000d5580000,0x00000000d567ffb8,0x00000000d5680000)
  from space 1024K, 68% used [0x00000000d5780000,0x00000000d5830000,0x00000000d5880000)
  to   space 1024K, 0% used [0x00000000d5680000,0x00000000d5680000,0x00000000d5780000)
 ParOldGen       total 993280K, used 351421K [0x0000000080000000, 0x00000000bca00000, 0x00000000d5580000)
  object space 993280K, 35% used [0x0000000080000000,0x000000009572f5c8,0x00000000bca00000)
 Metaspace       used 76915K, committed 79296K, reserved 1179648K
  class space    used 8881K, committed 10048K, reserved 1048576K
}
Event: 716.772 GC heap after
{Heap after GC invocations=3495 (full 4):
 PSYoungGen      total 2048K, used 800K [0x00000000d5580000, 0x00000000d5880000, 0x0000000100000000)
  eden space 1024K, 0% used [0x00000000d5580000,0x00000000d5580000,0x00000000d5680000)
  from space 1024K, 78% used [0x00000000d5680000,0x00000000d5748000,0x00000000d5780000)
  to   space 1024K, 0% used [0x00000000d5780000,0x00000000d5780000,0x00000000d5880000)
 ParOldGen       total 993280K, used 352061K [0x0000000080000000, 0x00000000bca00000, 0x00000000d5580000)
  object space 993280K, 35% used [0x0000000080000000,0x00000000957cf5d8,0x00000000bca00000)
 Metaspace       used 76915K, committed 79296K, reserved 1179648K
  class space    used 8881K, committed 10048K, reserved 1048576K
}
Event: 716.931 GC heap before
{Heap before GC invocations=3496 (full 4):
 PSYoungGen      total 2048K, used 1824K [0x00000000d5580000, 0x00000000d5880000, 0x0000000100000000)
  eden space 1024K, 100% used [0x00000000d5580000,0x00000000d5680000,0x00000000d5680000)
  from space 1024K, 78% used [0x00000000d5680000,0x00000000d5748000,0x00000000d5780000)
  to   space 1024K, 0% used [0x00000000d5780000,0x00000000d5780000,0x00000000d5880000)
 ParOldGen       total 993280K, used 352061K [0x0000000080000000, 0x00000000bca00000, 0x00000000d5580000)
  object space 993280K, 35% used [0x0000000080000000,0x00000000957cf5d8,0x00000000bca00000)
 Metaspace       used 76915K, committed 79296K, reserved 1179648K
  class space    used 8881K, committed 10048K, reserved 1048576K
}
Event: 716.937 GC heap after
{Heap after GC invocations=3496 (full 4):
 PSYoungGen      total 2048K, used 560K [0x00000000d5580000, 0x00000000d5880000, 0x0000000100000000)
  eden space 1024K, 0% used [0x00000000d5580000,0x00000000d5580000,0x00000000d5680000)
  from space 1024K, 54% used [0x00000000d5780000,0x00000000d580c010,0x00000000d5880000)
  to   space 1024K, 0% used [0x00000000d5680000,0x00000000d5680000,0x00000000d5780000)
 ParOldGen       total 993280K, used 352805K [0x0000000080000000, 0x00000000bca00000, 0x00000000d5580000)
  object space 993280K, 35% used [0x0000000080000000,0x00000000958895d8,0x00000000bca00000)
 Metaspace       used 76915K, committed 79296K, reserved 1179648K
  class space    used 8881K, committed 10048K, reserved 1048576K
}
Event: 716.940 GC heap before
{Heap before GC invocations=3497 (full 4):
 PSYoungGen      total 2048K, used 1584K [0x00000000d5580000, 0x00000000d5880000, 0x0000000100000000)
  eden space 1024K, 100% used [0x00000000d5580000,0x00000000d5680000,0x00000000d5680000)
  from space 1024K, 54% used [0x00000000d5780000,0x00000000d580c010,0x00000000d5880000)
  to   space 1024K, 0% used [0x00000000d5680000,0x00000000d5680000,0x00000000d5780000)
 ParOldGen       total 993280K, used 352805K [0x0000000080000000, 0x00000000bca00000, 0x00000000d5580000)
  object space 993280K, 35% used [0x0000000080000000,0x00000000958895d8,0x00000000bca00000)
 Metaspace       used 76915K, committed 79296K, reserved 1179648K
  class space    used 8881K, committed 10048K, reserved 1048576K
}
Event: 716.943 GC heap after
{Heap after GC invocations=3497 (full 4):
 PSYoungGen      total 2048K, used 256K [0x00000000d5580000, 0x00000000d5800000, 0x0000000100000000)
  eden space 1024K, 0% used [0x00000000d5580000,0x00000000d5580000,0x00000000d5680000)
  from space 1024K, 25% used [0x00000000d5680000,0x00000000d56c0000,0x00000000d5780000)
  to   space 512K, 0% used [0x00000000d5780000,0x00000000d5780000,0x00000000d5800000)
 ParOldGen       total 993280K, used 353229K [0x0000000080000000, 0x00000000bca00000, 0x00000000d5580000)
  object space 993280K, 35% used [0x0000000080000000,0x00000000958f35e8,0x00000000bca00000)
 Metaspace       used 76915K, committed 79296K, reserved 1179648K
  class space    used 8881K, committed 10048K, reserved 1048576K
}
Event: 717.077 GC heap before
{Heap before GC invocations=3498 (full 4):
 PSYoungGen      total 2048K, used 1279K [0x00000000d5580000, 0x00000000d5800000, 0x0000000100000000)
  eden space 1024K, 99% used [0x00000000d5580000,0x00000000d567fff0,0x00000000d5680000)
  from space 1024K, 25% used [0x00000000d5680000,0x00000000d56c0000,0x00000000d5780000)
  to   space 512K, 0% used [0x00000000d5780000,0x00000000d5780000,0x00000000d5800000)
 ParOldGen       total 993280K, used 353229K [0x0000000080000000, 0x00000000bca00000, 0x00000000d5580000)
  object space 993280K, 35% used [0x0000000080000000,0x00000000958f35e8,0x00000000bca00000)
 Metaspace       used 76915K, committed 79296K, reserved 1179648K
  class space    used 8881K, committed 10048K, reserved 1048576K
}
Event: 717.082 GC heap after
{Heap after GC invocations=3498 (full 4):
 PSYoungGen      total 1536K, used 512K [0x00000000d5580000, 0x00000000d5880000, 0x0000000100000000)
  eden space 1024K, 0% used [0x00000000d5580000,0x00000000d5580000,0x00000000d5680000)
  from space 512K, 100% used [0x00000000d5780000,0x00000000d5800000,0x00000000d5800000)
  to   space 1024K, 0% used [0x00000000d5680000,0x00000000d5680000,0x00000000d5780000)
 ParOldGen       total 993280K, used 353365K [0x0000000080000000, 0x00000000bca00000, 0x00000000d5580000)
  object space 993280K, 35% used [0x0000000080000000,0x00000000959155e8,0x00000000bca00000)
 Metaspace       used 76915K, committed 79296K, reserved 1179648K
  class space    used 8881K, committed 10048K, reserved 1048576K
}
Event: 717.297 GC heap before
{Heap before GC invocations=3499 (full 4):
 PSYoungGen      total 1536K, used 1535K [0x00000000d5580000, 0x00000000d5880000, 0x0000000100000000)
  eden space 1024K, 99% used [0x00000000d5580000,0x00000000d567ffe8,0x00000000d5680000)
  from space 512K, 100% used [0x00000000d5780000,0x00000000d5800000,0x00000000d5800000)
  to   space 1024K, 0% used [0x00000000d5680000,0x00000000d5680000,0x00000000d5780000)
 ParOldGen       total 993280K, used 353365K [0x0000000080000000, 0x00000000bca00000, 0x00000000d5580000)
  object space 993280K, 35% used [0x0000000080000000,0x00000000959155e8,0x00000000bca00000)
 Metaspace       used 76915K, committed 79296K, reserved 1179648K
  class space    used 8881K, committed 10048K, reserved 1048576K
}
Event: 717.302 GC heap after
{Heap after GC invocations=3499 (full 4):
 PSYoungGen      total 2048K, used 288K [0x00000000d5580000, 0x00000000d5800000, 0x0000000100000000)
  eden space 1024K, 0% used [0x00000000d5580000,0x00000000d5580000,0x00000000d5680000)
  from space 1024K, 28% used [0x00000000d5680000,0x00000000d56c8000,0x00000000d5780000)
  to   space 512K, 0% used [0x00000000d5780000,0x00000000d5780000,0x00000000d5800000)
 ParOldGen       total 993280K, used 353813K [0x0000000080000000, 0x00000000bca00000, 0x00000000d5580000)
  object space 993280K, 35% used [0x0000000080000000,0x00000000959855e8,0x00000000bca00000)
 Metaspace       used 76915K, committed 79296K, reserved 1179648K
  class space    used 8881K, committed 10048K, reserved 1048576K
}
Event: 717.615 GC heap before
{Heap before GC invocations=3500 (full 4):
 PSYoungGen      total 2048K, used 1311K [0x00000000d5580000, 0x00000000d5800000, 0x0000000100000000)
  eden space 1024K, 99% used [0x00000000d5580000,0x00000000d567ff28,0x00000000d5680000)
  from space 1024K, 28% used [0x00000000d5680000,0x00000000d56c8000,0x00000000d5780000)
  to   space 512K, 0% used [0x00000000d5780000,0x00000000d5780000,0x00000000d5800000)
 ParOldGen       total 993280K, used 353813K [0x0000000080000000, 0x00000000bca00000, 0x00000000d5580000)
  object space 993280K, 35% used [0x0000000080000000,0x00000000959855e8,0x00000000bca00000)
 Metaspace       used 76915K, committed 79296K, reserved 1179648K
  class space    used 8881K, committed 10048K, reserved 1048576K
}
Event: 717.619 GC heap after
{Heap after GC invocations=3500 (full 4):
 PSYoungGen      total 1536K, used 288K [0x00000000d5580000, 0x00000000d5800000, 0x0000000100000000)
  eden space 1024K, 0% used [0x00000000d5580000,0x00000000d5580000,0x00000000d5680000)
  from space 512K, 56% used [0x00000000d5780000,0x00000000d57c8000,0x00000000d5800000)
  to   space 512K, 0% used [0x00000000d5700000,0x00000000d5700000,0x00000000d5780000)
 ParOldGen       total 993280K, used 353991K [0x0000000080000000, 0x00000000bca00000, 0x00000000d5580000)
  object space 993280K, 35% used [0x0000000080000000,0x00000000959b1d40,0x00000000bca00000)
 Metaspace       used 76915K, committed 79296K, reserved 1179648K
  class space    used 8881K, committed 10048K, reserved 1048576K
}
Event: 718.010 GC heap before
{Heap before GC invocations=3501 (full 4):
 PSYoungGen      total 1536K, used 1298K [0x00000000d5580000, 0x00000000d5800000, 0x0000000100000000)
  eden space 1024K, 98% used [0x00000000d5580000,0x00000000d567c9d0,0x00000000d5680000)
  from space 512K, 56% used [0x00000000d5780000,0x00000000d57c8000,0x00000000d5800000)
  to   space 512K, 0% used [0x00000000d5700000,0x00000000d5700000,0x00000000d5780000)
 ParOldGen       total 993280K, used 353991K [0x0000000080000000, 0x00000000bca00000, 0x00000000d5580000)
  object space 993280K, 35% used [0x0000000080000000,0x00000000959b1d40,0x00000000bca00000)
 Metaspace       used 76915K, committed 79296K, reserved 1179648K
  class space    used 8881K, committed 10048K, reserved 1048576K
}
Event: 718.017 GC heap after
{Heap after GC invocations=3501 (full 4):
 PSYoungGen      total 1536K, used 304K [0x00000000d5580000, 0x00000000d5800000, 0x0000000100000000)
  eden space 1024K, 0% used [0x00000000d5580000,0x00000000d5580000,0x00000000d5680000)
  from space 512K, 59% used [0x00000000d5700000,0x00000000d574c010,0x00000000d5780000)
  to   space 512K, 0% used [0x00000000d5780000,0x00000000d5780000,0x00000000d5800000)
 ParOldGen       total 993280K, used 354091K [0x0000000080000000, 0x00000000bca00000, 0x00000000d5580000)
  object space 993280K, 35% used [0x0000000080000000,0x00000000959cad70,0x00000000bca00000)
 Metaspace       used 76915K, committed 79296K, reserved 1179648K
  class space    used 8881K, committed 10048K, reserved 1048576K
}
Event: 718.042 GC heap before
{Heap before GC invocations=3502 (full 4):
 PSYoungGen      total 1536K, used 1328K [0x00000000d5580000, 0x00000000d5800000, 0x0000000100000000)
  eden space 1024K, 100% used [0x00000000d5580000,0x00000000d5680000,0x00000000d5680000)
  from space 512K, 59% used [0x00000000d5700000,0x00000000d574c010,0x00000000d5780000)
  to   space 512K, 0% used [0x00000000d5780000,0x00000000d5780000,0x00000000d5800000)
 ParOldGen       total 993280K, used 354091K [0x0000000080000000, 0x00000000bca00000, 0x00000000d5580000)
  object space 993280K, 35% used [0x0000000080000000,0x00000000959cad70,0x00000000bca00000)
 Metaspace       used 76915K, committed 79296K, reserved 1179648K
  class space    used 8881K, committed 10048K, reserved 1048576K
}
Event: 718.047 GC heap after
{Heap after GC invocations=3502 (full 4):
 PSYoungGen      total 1536K, used 192K [0x00000000d5580000, 0x00000000d5800000, 0x0000000100000000)
  eden space 1024K, 0% used [0x00000000d5580000,0x00000000d5580000,0x00000000d5680000)
  from space 512K, 37% used [0x00000000d5780000,0x00000000d57b0000,0x00000000d5800000)
  to   space 512K, 0% used [0x00000000d5700000,0x00000000d5700000,0x00000000d5780000)
 ParOldGen       total 993280K, used 354235K [0x0000000080000000, 0x00000000bca00000, 0x00000000d5580000)
  object space 993280K, 35% used [0x0000000080000000,0x00000000959eed80,0x00000000bca00000)
 Metaspace       used 76915K, committed 79296K, reserved 1179648K
  class space    used 8881K, committed 10048K, reserved 1048576K
}

Dll operation events (20 events):
Event: 0.253 Attempting to load shared library C:\Users\pranj\.vscode\extensions\redhat.java-1.56.0-win32-x64\jre\21.0.12.1-win32-x86_64\bin\zip.dll
Event: 0.254 Loaded shared library C:\Users\pranj\.vscode\extensions\redhat.java-1.56.0-win32-x64\jre\21.0.12.1-win32-x86_64\bin\zip.dll
Event: 0.304 Attempting to load shared library C:\Users\pranj\.vscode\extensions\redhat.java-1.56.0-win32-x64\jre\21.0.12.1-win32-x86_64\bin\jimage.dll
Event: 0.304 Loaded shared library C:\Users\pranj\.vscode\extensions\redhat.java-1.56.0-win32-x64\jre\21.0.12.1-win32-x86_64\bin\jimage.dll
Event: 0.437 Attempting to load shared library c:\Users\pranj\.vscode\extensions\redhat.java-1.56.0-win32-x64\jre\21.0.12.1-win32-x86_64\bin\verify.dll
Event: 0.438 Loaded shared library c:\Users\pranj\.vscode\extensions\redhat.java-1.56.0-win32-x64\jre\21.0.12.1-win32-x86_64\bin\verify.dll
Event: 2.259 Attempting to load shared library C:\Users\pranj\AppData\Roaming\Code\User\globalStorage\redhat.java\1.56.0\config_win\org.eclipse.equinox.launcher\org.eclipse.equinox.launcher.win32.win32.x86_64_1.3.100.v20260804-1928\eclipse_11924.dll
Event: 2.262 Loaded shared library C:\Users\pranj\AppData\Roaming\Code\User\globalStorage\redhat.java\1.56.0\config_win\org.eclipse.equinox.launcher\org.eclipse.equinox.launcher.win32.win32.x86_64_1.3.100.v20260804-1928\eclipse_11924.dll
Event: 10.542 Attempting to load shared library C:\Users\pranj\AppData\Local\Temp\jna-106927259\jna14051756619200780767.dll
Event: 10.568 Loaded shared library C:\Users\pranj\AppData\Local\Temp\jna-106927259\jna14051756619200780767.dll
Event: 26.666 Attempting to load shared library C:\Users\pranj\.gradle\native\660c5614fbf4a5f2a75b1949f50a0caf5cd603558e7d8a26e50b933a0cfb79d1\windows-amd64\native-platform.dll
Event: 26.670 Loaded shared library C:\Users\pranj\.gradle\native\660c5614fbf4a5f2a75b1949f50a0caf5cd603558e7d8a26e50b933a0cfb79d1\windows-amd64\native-platform.dll
Event: 27.750 Attempting to load shared library C:\Users\pranj\.vscode\extensions\redhat.java-1.56.0-win32-x64\jre\21.0.12.1-win32-x86_64\bin\management.dll
Event: 27.754 Loaded shared library C:\Users\pranj\.vscode\extensions\redhat.java-1.56.0-win32-x64\jre\21.0.12.1-win32-x86_64\bin\management.dll
Event: 27.764 Attempting to load shared library C:\Users\pranj\.vscode\extensions\redhat.java-1.56.0-win32-x64\jre\21.0.12.1-win32-x86_64\bin\management_ext.dll
Event: 27.765 Loaded shared library C:\Users\pranj\.vscode\extensions\redhat.java-1.56.0-win32-x64\jre\21.0.12.1-win32-x86_64\bin\management_ext.dll
Event: 28.574 Attempting to load shared library C:\Users\pranj\.vscode\extensions\redhat.java-1.56.0-win32-x64\jre\21.0.12.1-win32-x86_64\bin\sunmscapi.dll
Event: 28.581 Loaded shared library C:\Users\pranj\.vscode\extensions\redhat.java-1.56.0-win32-x64\jre\21.0.12.1-win32-x86_64\bin\sunmscapi.dll
Event: 29.471 Attempting to load shared library C:\Users\pranj\.vscode\extensions\redhat.java-1.56.0-win32-x64\jre\21.0.12.1-win32-x86_64\bin\extnet.dll
Event: 29.472 Loaded shared library C:\Users\pranj\.vscode\extensions\redhat.java-1.56.0-win32-x64\jre\21.0.12.1-win32-x86_64\bin\extnet.dll

Deoptimization events (20 events):
Event: 709.614 Thread 0x0000022d0245e4e0 DEOPT PACKING pc=0x0000022ca9789afd sp=0x0000003274dff380
Event: 709.614 Thread 0x0000022d0245e4e0 DEOPT UNPACKING pc=0x0000022cb01a78e2 sp=0x0000003274dfe830 mode 0
Event: 715.325 Thread 0x0000022d02463a30 DEOPT PACKING pc=0x0000022caa4eabdf sp=0x00000032636fe660
Event: 715.325 Thread 0x0000022d02463a30 DEOPT UNPACKING pc=0x0000022cb01a78e2 sp=0x00000032636fdb28 mode 0
Event: 715.594 Thread 0x0000022c9f951d80 Uncommon trap: trap_request=0xffffffc6 fr.pc=0x0000022cb0f33dec relative=0x000000000000118c
Event: 715.594 Thread 0x0000022c9f951d80 Uncommon trap: reason=bimorphic_or_optimized_type_check action=maybe_recompile pc=0x0000022cb0f33dec method=java.util.concurrent.locks.AbstractQueuedSynchronizer.acquire(Ljava/util/concurrent/locks/AbstractQueuedSynchronizer$Node;IZZZJ)I @ 126 c2
Event: 715.594 Thread 0x0000022c9f951d80 DEOPT PACKING pc=0x0000022cb0f33dec sp=0x000000326f1ff6e0
Event: 715.594 Thread 0x0000022c9f951d80 DEOPT UNPACKING pc=0x0000022cb01a6da2 sp=0x000000326f1ff670 mode 2
Event: 715.717 Thread 0x0000022c9f951d80 Uncommon trap: trap_request=0xffffff45 fr.pc=0x0000022cb10ea778 relative=0x0000000000000418
Event: 715.717 Thread 0x0000022c9f951d80 Uncommon trap: reason=unstable_if action=reinterpret pc=0x0000022cb10ea778 method=java.util.concurrent.ThreadPoolExecutor.runWorker(Ljava/util/concurrent/ThreadPoolExecutor$Worker;)V @ 56 c2
Event: 715.717 Thread 0x0000022c9f951d80 DEOPT PACKING pc=0x0000022cb10ea778 sp=0x000000326f1ff790
Event: 715.717 Thread 0x0000022c9f951d80 DEOPT UNPACKING pc=0x0000022cb01a6da2 sp=0x000000326f1ff720 mode 2
Event: 718.054 Thread 0x0000022c851b06b0 Uncommon trap: trap_request=0xffffffde fr.pc=0x0000022cb13f760c relative=0x00000000000004ac
Event: 718.054 Thread 0x0000022c851b06b0 Uncommon trap: reason=class_check action=maybe_recompile pc=0x0000022cb13f760c method=java.io.DataOutputStream.writeLong(J)V @ 20 c2
Event: 718.054 Thread 0x0000022c851b06b0 DEOPT PACKING pc=0x0000022cb13f760c sp=0x00000032543fdcb0
Event: 718.054 Thread 0x0000022c851b06b0 DEOPT UNPACKING pc=0x0000022cb01a6da2 sp=0x00000032543fdc58 mode 2
Event: 718.054 Thread 0x0000022c851b06b0 Uncommon trap: trap_request=0xffffffde fr.pc=0x0000022cb13f760c relative=0x00000000000004ac
Event: 718.054 Thread 0x0000022c851b06b0 Uncommon trap: reason=class_check action=maybe_recompile pc=0x0000022cb13f760c method=java.io.DataOutputStream.writeLong(J)V @ 20 c2
Event: 718.054 Thread 0x0000022c851b06b0 DEOPT PACKING pc=0x0000022cb13f760c sp=0x00000032543fdcb0
Event: 718.054 Thread 0x0000022c851b06b0 DEOPT UNPACKING pc=0x0000022cb01a6da2 sp=0x00000032543fdc58 mode 2

Classes loaded (20 events):
Event: 81.443 Loading class java/util/AbstractList$RandomAccessSubList
Event: 81.443 Loading class java/util/AbstractList$SubList
Event: 81.444 Loading class java/util/AbstractList$SubList done
Event: 81.444 Loading class java/util/AbstractList$RandomAccessSubList done
Event: 81.444 Loading class java/util/AbstractList$SubList$1
Event: 81.444 Loading class java/util/AbstractList$SubList$1 done
Event: 190.436 Loading class sun/reflect/generics/tree/IntSignature
Event: 190.436 Loading class sun/reflect/generics/tree/IntSignature done
Event: 198.148 Loading class java/util/stream/ReduceOps$5
Event: 198.156 Loading class java/util/stream/ReduceOps$5 done
Event: 198.156 Loading class java/util/stream/ReduceOps$CountingSink$OfRef
Event: 198.157 Loading class java/util/stream/ReduceOps$CountingSink
Event: 198.157 Loading class java/util/stream/ReduceOps$CountingSink done
Event: 198.157 Loading class java/util/stream/ReduceOps$CountingSink$OfRef done
Event: 226.881 Loading class java/util/stream/ReduceOps$1
Event: 226.882 Loading class java/util/stream/ReduceOps$1 done
Event: 226.882 Loading class java/util/stream/ReduceOps$1ReducingSink
Event: 226.882 Loading class java/util/stream/ReduceOps$1ReducingSink done
Event: 416.234 Loading class sun/net/ConnectionResetException
Event: 416.235 Loading class sun/net/ConnectionResetException done

Classes unloaded (20 events):
Event: 509.764 Thread 0x0000022ca5ac8cc0 Unloading class 0x0000022cbe7bb400 'java/lang/invoke/LambdaForm$MH+0x0000022cbe7bb400'
Event: 509.764 Thread 0x0000022ca5ac8cc0 Unloading class 0x0000022cbe7bc000 'java/lang/invoke/LambdaForm$MH+0x0000022cbe7bc000'
Event: 509.764 Thread 0x0000022ca5ac8cc0 Unloading class 0x0000022cbe7bb000 'java/lang/invoke/LambdaForm$MH+0x0000022cbe7bb000'
Event: 509.764 Thread 0x0000022ca5ac8cc0 Unloading class 0x0000022cbe7ba800 'java/lang/invoke/LambdaForm$MH+0x0000022cbe7ba800'
Event: 509.764 Thread 0x0000022ca5ac8cc0 Unloading class 0x0000022cbe7ba400 'java/lang/invoke/LambdaForm$MH+0x0000022cbe7ba400'
Event: 509.764 Thread 0x0000022ca5ac8cc0 Unloading class 0x0000022cbe7ba000 'java/lang/invoke/LambdaForm$MH+0x0000022cbe7ba000'
Event: 509.764 Thread 0x0000022ca5ac8cc0 Unloading class 0x0000022cbe7b9c00 'java/lang/invoke/LambdaForm$MH+0x0000022cbe7b9c00'
Event: 509.764 Thread 0x0000022ca5ac8cc0 Unloading class 0x0000022cbe7b9800 'java/lang/invoke/LambdaForm$MH+0x0000022cbe7b9800'
Event: 509.764 Thread 0x0000022ca5ac8cc0 Unloading class 0x0000022cbe7b9400 'java/lang/invoke/LambdaForm$MH+0x0000022cbe7b9400'
Event: 509.764 Thread 0x0000022ca5ac8cc0 Unloading class 0x0000022cbe7af800 'java/lang/invoke/LambdaForm$MH+0x0000022cbe7af800'
Event: 509.764 Thread 0x0000022ca5ac8cc0 Unloading class 0x0000022cbe7aec00 'java/lang/invoke/LambdaForm$MH+0x0000022cbe7aec00'
Event: 509.764 Thread 0x0000022ca5ac8cc0 Unloading class 0x0000022cbe7af000 'java/lang/invoke/LambdaForm$MH+0x0000022cbe7af000'
Event: 509.764 Thread 0x0000022ca5ac8cc0 Unloading class 0x0000022cbe7ae800 'java/lang/invoke/LambdaForm$MH+0x0000022cbe7ae800'
Event: 509.764 Thread 0x0000022ca5ac8cc0 Unloading class 0x0000022cbe7ae000 'java/lang/invoke/LambdaForm$MH+0x0000022cbe7ae000'
Event: 509.764 Thread 0x0000022ca5ac8cc0 Unloading class 0x0000022cbe7adc00 'java/lang/invoke/LambdaForm$MH+0x0000022cbe7adc00'
Event: 509.764 Thread 0x0000022ca5ac8cc0 Unloading class 0x0000022cbe7ad400 'java/lang/invoke/LambdaForm$MH+0x0000022cbe7ad400'
Event: 509.764 Thread 0x0000022ca5ac8cc0 Unloading class 0x0000022cbe7ad000 'java/lang/invoke/LambdaForm$MH+0x0000022cbe7ad000'
Event: 509.764 Thread 0x0000022ca5ac8cc0 Unloading class 0x0000022cbe7acc00 'java/lang/invoke/LambdaForm$MH+0x0000022cbe7acc00'
Event: 509.764 Thread 0x0000022ca5ac8cc0 Unloading class 0x0000022cbe7ac400 'java/lang/invoke/LambdaForm$MH+0x0000022cbe7ac400'
Event: 509.764 Thread 0x0000022ca5ac8cc0 Unloading class 0x0000022cbe7ac000 'java/lang/invoke/LambdaForm$MH+0x0000022cbe7ac000'

Classes redefined (0 events):
No events

Internal exceptions (20 events):
Event: 706.894 Thread 0x0000022d02476ea0 Exception <a 'sun/nio/fs/WindowsException'{0x00000000d56115b8}> (0x00000000d56115b8) 
thrown [s\src\hotspot\share\prims\jni.cpp, line 520]
Event: 706.894 Thread 0x0000022d02476ea0 Exception <a 'sun/nio/fs/WindowsException'{0x00000000d5611fe0}> (0x00000000d5611fe0) 
thrown [s\src\hotspot\share\prims\jni.cpp, line 520]
Event: 712.081 Thread 0x0000022c851b9da0 Exception <a 'sun/nio/fs/WindowsException'{0x00000000d5632180}> (0x00000000d5632180) 
thrown [s\src\hotspot\share\prims\jni.cpp, line 520]
Event: 712.630 Thread 0x0000022c9f953e50 Exception <a 'sun/nio/fs/WindowsException'{0x00000000d55f6780}> (0x00000000d55f6780) 
thrown [s\src\hotspot\share\prims\jni.cpp, line 520]
Event: 714.030 Thread 0x0000022d0245e4e0 Exception <a 'sun/nio/fs/WindowsException'{0x00000000d55f98d0}> (0x00000000d55f98d0) 
thrown [s\src\hotspot\share\prims\jni.cpp, line 520]
Event: 714.031 Thread 0x0000022c931a7c90 Exception <a 'sun/nio/fs/WindowsException'{0x00000000d5605020}> (0x00000000d5605020) 
thrown [s\src\hotspot\share\prims\jni.cpp, line 520]
Event: 714.035 Thread 0x0000022d0245e4e0 Exception <a 'sun/nio/fs/WindowsException'{0x00000000d5606040}> (0x00000000d5606040) 
thrown [s\src\hotspot\share\prims\jni.cpp, line 520]
Event: 714.036 Thread 0x0000022d0245e4e0 Exception <a 'sun/nio/fs/WindowsException'{0x00000000d5627e80}> (0x00000000d5627e80) 
thrown [s\src\hotspot\share\prims\jni.cpp, line 520]
Event: 714.037 Thread 0x0000022d0245e4e0 Exception <a 'sun/nio/fs/WindowsException'{0x00000000d5628978}> (0x00000000d5628978) 
thrown [s\src\hotspot\share\prims\jni.cpp, line 520]
Event: 714.188 Thread 0x0000022d0245e4e0 Exception <a 'sun/nio/fs/WindowsException'{0x00000000d5645bb0}> (0x00000000d5645bb0) 
thrown [s\src\hotspot\share\prims\jni.cpp, line 520]
Event: 714.189 Thread 0x0000022d0245e4e0 Exception <a 'sun/nio/fs/WindowsException'{0x00000000d56465f0}> (0x00000000d56465f0) 
thrown [s\src\hotspot\share\prims\jni.cpp, line 520]
Event: 715.317 Thread 0x0000022d02460c40 Exception <a 'sun/nio/fs/WindowsException'{0x00000000d561d060}> (0x00000000d561d060) 
thrown [s\src\hotspot\share\prims\jni.cpp, line 520]
Event: 715.317 Thread 0x0000022d02460c40 Exception <a 'sun/nio/fs/WindowsException'{0x00000000d5623a20}> (0x00000000d5623a20) 
thrown [s\src\hotspot\share\prims\jni.cpp, line 520]
Event: 715.318 Thread 0x0000022d02460c40 Exception <a 'sun/nio/fs/WindowsException'{0x00000000d5624b58}> (0x00000000d5624b58) 
thrown [s\src\hotspot\share\prims\jni.cpp, line 520]
Event: 715.318 Thread 0x0000022d02460c40 Exception <a 'sun/nio/fs/WindowsException'{0x00000000d56255e8}> (0x00000000d56255e8) 
thrown [s\src\hotspot\share\prims\jni.cpp, line 520]
Event: 715.454 Thread 0x0000022d02460c40 Exception <a 'sun/nio/fs/WindowsException'{0x00000000d5615d28}> (0x00000000d5615d28) 
thrown [s\src\hotspot\share\prims\jni.cpp, line 520]
Event: 715.458 Thread 0x0000022d02460c40 Exception <a 'sun/nio/fs/WindowsException'{0x00000000d5627a98}> (0x00000000d5627a98) 
thrown [s\src\hotspot\share\prims\jni.cpp, line 520]
Event: 715.760 Thread 0x0000022c9f42c670 Exception <a 'sun/nio/fs/WindowsException'{0x00000000d565d310}> (0x00000000d565d310) 
thrown [s\src\hotspot\share\prims\jni.cpp, line 520]
Event: 715.899 Thread 0x0000022c931a6f70 Exception <a 'sun/nio/fs/WindowsException'{0x00000000d55979e8}> (0x00000000d55979e8) 
thrown [s\src\hotspot\share\prims\jni.cpp, line 520]
Event: 716.312 Thread 0x0000022c86a32ab0 Exception <a 'sun/nio/fs/WindowsException'{0x0000000095630ec8}> (0x0000000095630ec8) 
thrown [s\src\hotspot\share\prims\jni.cpp, line 520]

ZGC Phase Switch (0 events):
No events

VM Operations (20 events):
Event: 716.312 Executing safepoint VM operation: ParallelGCFailedAllocation (Allocation Failure)
Event: 716.454 Executing safepoint VM operation: ParallelGCFailedAllocation (Allocation Failure) done
Event: 716.622 Executing safepoint VM operation: ParallelGCFailedAllocation (Allocation Failure)
Event: 716.626 Executing safepoint VM operation: ParallelGCFailedAllocation (Allocation Failure) done
Event: 716.636 Executing safepoint VM operation: ParallelGCFailedAllocation (Allocation Failure)
Event: 716.772 Executing safepoint VM operation: ParallelGCFailedAllocation (Allocation Failure) done
Event: 716.792 Executing safepoint VM operation: ParallelGCFailedAllocation (Allocation Failure)
Event: 716.937 Executing safepoint VM operation: ParallelGCFailedAllocation (Allocation Failure) done
Event: 716.940 Executing safepoint VM operation: ParallelGCFailedAllocation (Allocation Failure)
Event: 716.943 Executing safepoint VM operation: ParallelGCFailedAllocation (Allocation Failure) done
Event: 716.969 Executing safepoint VM operation: ParallelGCFailedAllocation (Allocation Failure)
Event: 717.082 Executing safepoint VM operation: ParallelGCFailedAllocation (Allocation Failure) done
Event: 717.099 Executing safepoint VM operation: ParallelGCFailedAllocation (Allocation Failure)
Event: 717.302 Executing safepoint VM operation: ParallelGCFailedAllocation (Allocation Failure) done
Event: 717.501 Executing safepoint VM operation: ParallelGCFailedAllocation (Allocation Failure)
Event: 717.619 Executing safepoint VM operation: ParallelGCFailedAllocation (Allocation Failure) done
Event: 717.757 Executing safepoint VM operation: ParallelGCFailedAllocation (Allocation Failure)
Event: 718.018 Executing safepoint VM operation: ParallelGCFailedAllocation (Allocation Failure) done
Event: 718.029 Executing safepoint VM operation: ParallelGCFailedAllocation (Allocation Failure)
Event: 718.047 Executing safepoint VM operation: ParallelGCFailedAllocation (Allocation Failure) done

Memory protections (0 events):
No events

Nmethod flushes (20 events):
Event: 510.335 Thread 0x0000022ca5ac8cc0 flushing  nmethod 0x0000022ca98f1d10
Event: 510.335 Thread 0x0000022ca5ac8cc0 flushing  nmethod 0x0000022ca993a910
Event: 510.336 Thread 0x0000022ca5ac8cc0 flushing  nmethod 0x0000022ca9943710
Event: 510.336 Thread 0x0000022ca5ac8cc0 flushing  nmethod 0x0000022ca9945310
Event: 510.336 Thread 0x0000022ca5ac8cc0 flushing  nmethod 0x0000022ca9947090
Event: 510.336 Thread 0x0000022ca5ac8cc0 flushing  nmethod 0x0000022ca996c890
Event: 510.336 Thread 0x0000022ca5ac8cc0 flushing  nmethod 0x0000022ca9972310
Event: 510.336 Thread 0x0000022ca5ac8cc0 flushing  nmethod 0x0000022ca9973510
Event: 510.336 Thread 0x0000022ca5ac8cc0 flushing  nmethod 0x0000022ca9975e90
Event: 510.336 Thread 0x0000022ca5ac8cc0 flushing  nmethod 0x0000022ca9990610
Event: 510.336 Thread 0x0000022ca5ac8cc0 flushing osr nmethod 0x0000022ca9990e10
Event: 510.337 Thread 0x0000022ca5ac8cc0 flushing  nmethod 0x0000022ca999aa10
Event: 510.337 Thread 0x0000022ca5ac8cc0 flushing  nmethod 0x0000022ca99fb290
Event: 510.337 Thread 0x0000022ca5ac8cc0 flushing  nmethod 0x0000022ca9a5df90
Event: 510.337 Thread 0x0000022ca5ac8cc0 flushing  nmethod 0x0000022ca9a72e10
Event: 510.337 Thread 0x0000022ca5ac8cc0 flushing  nmethod 0x0000022ca9aa8790
Event: 510.337 Thread 0x0000022ca5ac8cc0 flushing  nmethod 0x0000022ca9aaa310
Event: 510.337 Thread 0x0000022ca5ac8cc0 flushing  nmethod 0x0000022ca9aaed10
Event: 510.337 Thread 0x0000022ca5ac8cc0 flushing  nmethod 0x0000022ca9aaf210
Event: 510.337 Thread 0x0000022ca5ac8cc0 flushing  nmethod 0x0000022ca9ab0d10

Events (20 events):
Event: 716.301 Thread 0x0000022c86a33140 Thread exited: 0x0000022c86a33140
Event: 716.456 Thread 0x0000022d02461960 Thread added: 0x0000022d02461ff0
Event: 716.628 Thread 0x0000022d0245e4e0 Thread added: 0x0000022d02462d10
Event: 716.631 Thread 0x0000022d02460c40 Thread added: 0x0000022d024605b0
Event: 716.784 Thread 0x0000022c86a32ab0 Thread added: 0x0000022d024640c0
Event: 716.944 Thread 0x0000022c9f42c670 Thread added: 0x0000022d02467540
Event: 717.084 Thread 0x0000022d02461ff0 Thread added: 0x0000022d02468260
Event: 717.087 Thread 0x0000022d02466820 Thread added: 0x0000022d02466eb0
Event: 717.088 Thread 0x0000022d02466820 Thread exited: 0x0000022d02466820
Event: 717.088 Thread 0x0000022d02461ff0 Thread added: 0x0000022d02467bd0
Event: 717.090 Thread 0x0000022d02468260 Thread exited: 0x0000022d02468260
Event: 717.099 Thread 0x0000022d02462d10 Thread added: 0x0000022d02468260
Event: 717.304 Thread 0x0000022d02466eb0 Thread exited: 0x0000022d02466eb0
Event: 717.305 Thread 0x0000022c931a6f70 Thread added: 0x0000022d02466eb0
Event: 717.309 Thread 0x0000022c9f41da30 Thread added: 0x0000022d02465470
Event: 717.385 Thread 0x0000022c9f96b460 Thread added: 0x0000022d02466820
Event: 717.495 Thread 0x0000022c87bb9a50 Thread added: 0x0000022d02468f80
Event: 717.499 Thread 0x0000022d02468f80 Thread added: 0x0000022d02465b00
Event: 717.619 Thread 0x0000022d02465b00 Thread exited: 0x0000022d02465b00
Event: 717.672 Thread 0x0000022d02468f80 Thread added: 0x0000022d02465b00


Dynamic libraries:
0x00007ff6a51b0000 - 0x00007ff6a51be000 	c:\Users\pranj\.vscode\extensions\redhat.java-1.56.0-win32-x64\jre\21.0.12.1-win32-x86_64\bin\java.exe
0x00007fff0f900000 - 0x00007fff0fb67000 	C:\WINDOWS\SYSTEM32\ntdll.dll
0x00007ffe787f0000 - 0x00007ffe78811000 	C:\Program Files\Norton\Suite\aswhook.dll
0x00007fff0dd90000 - 0x00007fff0de5b000 	C:\WINDOWS\System32\KERNEL32.DLL
0x00007fff0d210000 - 0x00007fff0d612000 	C:\WINDOWS\System32\KERNELBASE.dll
0x00007fff09250000 - 0x00007fff092ef000 	C:\WINDOWS\SYSTEM32\apphelp.dll
0x00007fff0ccf0000 - 0x00007fff0ce3c000 	C:\WINDOWS\System32\ucrtbase.dll
0x00007ffedbbd0000 - 0x00007ffedbbe8000 	c:\Users\pranj\.vscode\extensions\redhat.java-1.56.0-win32-x64\jre\21.0.12.1-win32-x86_64\bin\jli.dll
0x00007fff0d7c0000 - 0x00007fff0d98f000 	C:\WINDOWS\System32\USER32.dll
0x00007fff0ccc0000 - 0x00007fff0cce7000 	C:\WINDOWS\System32\win32u.dll
0x00007fff0d6b0000 - 0x00007fff0d6db000 	C:\WINDOWS\System32\GDI32.dll
0x00007fff0cb00000 - 0x00007fff0cc29000 	C:\WINDOWS\System32\gdi32full.dll
0x00007fff0ce50000 - 0x00007fff0cef3000 	C:\WINDOWS\System32\msvcp_win.dll
0x00007ffedbbf0000 - 0x00007ffedbc0e000 	c:\Users\pranj\.vscode\extensions\redhat.java-1.56.0-win32-x64\jre\21.0.12.1-win32-x86_64\bin\VCRUNTIME140.dll
0x00007ffee3e40000 - 0x00007ffee40d0000 	C:\WINDOWS\WinSxS\amd64_microsoft.windows.common-controls_6595b64144ccf1df_6.0.26100.9278_none_3e0d1ba8e3303201\COMCTL32.dll
0x00007fff0d710000 - 0x00007fff0d7b9000 	C:\WINDOWS\System32\msvcrt.dll
0x00007fff0db40000 - 0x00007fff0db71000 	C:\WINDOWS\System32\IMM32.DLL
0x00007ffee3230000 - 0x00007ffee323c000 	c:\Users\pranj\.vscode\extensions\redhat.java-1.56.0-win32-x64\jre\21.0.12.1-win32-x86_64\bin\vcruntime140_1.dll
0x00007ffec4860000 - 0x00007ffec48ed000 	c:\Users\pranj\.vscode\extensions\redhat.java-1.56.0-win32-x64\jre\21.0.12.1-win32-x86_64\bin\msvcp140.dll
0x00007ffe5b5c0000 - 0x00007ffe5c362000 	c:\Users\pranj\.vscode\extensions\redhat.java-1.56.0-win32-x64\jre\21.0.12.1-win32-x86_64\bin\server\jvm.dll
0x00007fff0f7f0000 - 0x00007fff0f8ac000 	C:\WINDOWS\System32\ADVAPI32.dll
0x00007fff0e040000 - 0x00007fff0e0e9000 	C:\WINDOWS\System32\sechost.dll
0x00007fff0f600000 - 0x00007fff0f718000 	C:\WINDOWS\System32\RPCRT4.dll
0x00007fff0f570000 - 0x00007fff0f5f0000 	C:\WINDOWS\System32\WS2_32.dll
0x00007fff0c7a0000 - 0x00007fff0c7fe000 	C:\WINDOWS\SYSTEM32\POWRPROF.dll
0x00007fff012f0000 - 0x00007fff01326000 	C:\WINDOWS\SYSTEM32\WINMM.dll
0x00007ffef8810000 - 0x00007ffef881b000 	C:\WINDOWS\SYSTEM32\VERSION.dll
0x00007fff0c780000 - 0x00007fff0c795000 	C:\WINDOWS\SYSTEM32\UMPDC.dll
0x00007fff0b7d0000 - 0x00007fff0b7eb000 	C:\WINDOWS\SYSTEM32\kernel.appcore.dll
0x00007ffedc530000 - 0x00007ffedc53a000 	c:\Users\pranj\.vscode\extensions\redhat.java-1.56.0-win32-x64\jre\21.0.12.1-win32-x86_64\bin\jimage.dll
0x00007fff09fa0000 - 0x00007fff0a1ec000 	C:\WINDOWS\SYSTEM32\DBGHELP.DLL
0x00007fff0ef50000 - 0x00007fff0f2d5000 	C:\WINDOWS\System32\combase.dll
0x00007fff0df60000 - 0x00007fff0e039000 	C:\WINDOWS\System32\OLEAUT32.dll
0x00007ffef7420000 - 0x00007ffef745b000 	C:\WINDOWS\SYSTEM32\dbgcore.DLL
0x00007fff0d090000 - 0x00007fff0d13c000 	C:\WINDOWS\System32\bcryptPrimitives.dll
0x00007ffec2180000 - 0x00007ffec218f000 	c:\Users\pranj\.vscode\extensions\redhat.java-1.56.0-win32-x64\jre\21.0.12.1-win32-x86_64\bin\instrument.dll
0x00007ffed8d70000 - 0x00007ffed8d90000 	c:\Users\pranj\.vscode\extensions\redhat.java-1.56.0-win32-x64\jre\21.0.12.1-win32-x86_64\bin\java.dll
0x00007fff0e0f0000 - 0x00007fff0e888000 	C:\WINDOWS\System32\SHELL32.dll
0x00007fff0a530000 - 0x00007fff0adde000 	C:\WINDOWS\SYSTEM32\windows.storage.dll
0x00007fff0da30000 - 0x00007fff0db2b000 	C:\WINDOWS\System32\SHCORE.dll
0x00007fff0f2e0000 - 0x00007fff0f346000 	C:\WINDOWS\System32\shlwapi.dll
0x00007fff0ca20000 - 0x00007fff0ca49000 	C:\WINDOWS\SYSTEM32\profapi.dll
0x00007ffec4530000 - 0x00007ffec4548000 	c:\Users\pranj\.vscode\extensions\redhat.java-1.56.0-win32-x64\jre\21.0.12.1-win32-x86_64\bin\zip.dll
0x00007ffedb030000 - 0x00007ffedb040000 	C:\Users\pranj\.vscode\extensions\redhat.java-1.56.0-win32-x64\jre\21.0.12.1-win32-x86_64\bin\net.dll
0x00007fff01370000 - 0x00007fff0149a000 	C:\WINDOWS\SYSTEM32\WINHTTP.dll
0x00007fff0bd90000 - 0x00007fff0bdfc000 	C:\WINDOWS\system32\mswsock.dll
0x00007ffec4840000 - 0x00007ffec4856000 	C:\Users\pranj\.vscode\extensions\redhat.java-1.56.0-win32-x64\jre\21.0.12.1-win32-x86_64\bin\nio.dll
0x00007ffec3760000 - 0x00007ffec3770000 	c:\Users\pranj\.vscode\extensions\redhat.java-1.56.0-win32-x64\jre\21.0.12.1-win32-x86_64\bin\verify.dll
0x00007ffe80dd0000 - 0x00007ffe80e15000 	C:\Users\pranj\AppData\Roaming\Code\User\globalStorage\redhat.java\1.56.0\config_win\org.eclipse.equinox.launcher\org.eclipse.equinox.launcher.win32.win32.x86_64_1.3.100.v20260804-1928\eclipse_11924.dll
0x00007fff0db80000 - 0x00007fff0dd1a000 	C:\WINDOWS\System32\ole32.dll
0x00007fff0c0a0000 - 0x00007fff0c0bb000 	C:\WINDOWS\SYSTEM32\CRYPTSP.dll
0x00007fff0b730000 - 0x00007fff0b769000 	C:\WINDOWS\system32\rsaenh.dll
0x00007fff0be40000 - 0x00007fff0be74000 	C:\WINDOWS\SYSTEM32\USERENV.dll
0x00007fff0c9f0000 - 0x00007fff0ca1a000 	C:\WINDOWS\SYSTEM32\bcrypt.dll
0x00007fff0c080000 - 0x00007fff0c08c000 	C:\WINDOWS\SYSTEM32\CRYPTBASE.dll
0x00007fff0b150000 - 0x00007fff0b183000 	C:\WINDOWS\SYSTEM32\IPHLPAPI.DLL
0x00007fff0db30000 - 0x00007fff0db3a000 	C:\WINDOWS\System32\NSI.dll
0x00007ffe7b9a0000 - 0x00007ffe7b9e9000 	C:\Users\pranj\AppData\Local\Temp\jna-106927259\jna14051756619200780767.dll
0x00007fff0da20000 - 0x00007fff0da28000 	C:\WINDOWS\System32\PSAPI.DLL
0x00007fff02c80000 - 0x00007fff02c9d000 	C:\WINDOWS\SYSTEM32\dhcpcsvc6.DLL
0x00007fff02c50000 - 0x00007fff02c75000 	C:\WINDOWS\SYSTEM32\dhcpcsvc.DLL
0x00007ffeaaee0000 - 0x00007ffeaaf07000 	C:\Users\pranj\.gradle\native\660c5614fbf4a5f2a75b1949f50a0caf5cd603558e7d8a26e50b933a0cfb79d1\windows-amd64\native-platform.dll
0x00007ffec36c0000 - 0x00007ffec36ca000 	C:\Users\pranj\.vscode\extensions\redhat.java-1.56.0-win32-x64\jre\21.0.12.1-win32-x86_64\bin\management.dll
0x00007ffec2f80000 - 0x00007ffec2f8c000 	C:\Users\pranj\.vscode\extensions\redhat.java-1.56.0-win32-x64\jre\21.0.12.1-win32-x86_64\bin\management_ext.dll
0x00007ffec1e10000 - 0x00007ffec1e1e000 	C:\Users\pranj\.vscode\extensions\redhat.java-1.56.0-win32-x64\jre\21.0.12.1-win32-x86_64\bin\sunmscapi.dll
0x00007fff0cf00000 - 0x00007fff0d07e000 	C:\WINDOWS\System32\CRYPT32.dll
0x00007fff0c2c0000 - 0x00007fff0c2f0000 	C:\WINDOWS\SYSTEM32\ncrypt.dll
0x00007fff0c270000 - 0x00007fff0c2af000 	C:\WINDOWS\SYSTEM32\NTASN1.dll
0x00007fff0b240000 - 0x00007fff0b398000 	C:\WINDOWS\SYSTEM32\DNSAPI.dll
0x00007fff0bb90000 - 0x00007fff0bb9d000 	C:\WINDOWS\SYSTEM32\DSPARSE.dll
0x00007ffef8820000 - 0x00007ffef882b000 	C:\Windows\System32\rasadhlp.dll
0x00007fff03380000 - 0x00007fff03406000 	C:\WINDOWS\System32\fwpuclnt.dll
0x00007ffec2910000 - 0x00007ffec2919000 	C:\Users\pranj\.vscode\extensions\redhat.java-1.56.0-win32-x64\jre\21.0.12.1-win32-x86_64\bin\extnet.dll
0x00007ffee6a40000 - 0x00007ffee6a48000 	C:\WINDOWS\system32\wshunix.dll

JVMTI agents:
c:\Users\pranj\.vscode\extensions\redhat.java-1.56.0-win32-x64\lombok\lombok-1.18.39-4050.jar path:c:\Users\pranj\.vscode\extensions\redhat.java-1.56.0-win32-x64\jre\21.0.12.1-win32-x86_64\bin\instrument.dll, loaded, initialized, instrumentlib options:none

dbghelp: loaded successfully - version: 4.0.5 - missing functions: none
symbol engine: initialized successfully - sym options: 0x614 - pdb path: .;c:\Users\pranj\.vscode\extensions\redhat.java-1.56.0-win32-x64\jre\21.0.12.1-win32-x86_64\bin;C:\WINDOWS\SYSTEM32;C:\Program Files\Norton\Suite;C:\WINDOWS\WinSxS\amd64_microsoft.windows.common-controls_6595b64144ccf1df_6.0.26100.9278_none_3e0d1ba8e3303201;c:\Users\pranj\.vscode\extensions\redhat.java-1.56.0-win32-x64\jre\21.0.12.1-win32-x86_64\bin\server;C:\Users\pranj\AppData\Roaming\Code\User\globalStorage\redhat.java\1.56.0\config_win\org.eclipse.equinox.launcher\org.eclipse.equinox.launcher.win32.win32.x86_64_1.3.100.v20260804-1928;C:\Users\pranj\AppData\Local\Temp\jna-106927259;C:\Users\pranj\.gradle\native\660c5614fbf4a5f2a75b1949f50a0caf5cd603558e7d8a26e50b933a0cfb79d1\windows-amd64

VM Arguments:
jvm_args: --add-modules=ALL-SYSTEM --add-opens=java.base/java.util=ALL-UNNAMED --add-opens=java.base/java.lang=ALL-UNNAMED --add-opens=java.base/sun.nio.fs=ALL-UNNAMED -Declipse.application=org.eclipse.jdt.ls.core.id1 -Dosgi.bundles.defaultStartLevel=4 -Declipse.product=org.eclipse.jdt.ls.core.product -Djava.import.generatesMetadataFilesAtProjectRoot=false -Dm2e.project.cache.size=50 -DDetectVMInstallationsJob.disabled=true -Dfile.encoding=utf8 -XX:+UseParallelGC -XX:GCTimeRatio=4 -XX:AdaptiveSizePolicyWeight=90 -Dsun.zip.disableMemoryMapping=true -Xmx2G -Xms100m -Xlog:disable -javaagent:c:\Users\pranj\.vscode\extensions\redhat.java-1.56.0-win32-x64\lombok\lombok-1.18.39-4050.jar -XX:+HeapDumpOnOutOfMemoryError -XX:HeapDumpPath=c:\Users\pranj\AppData\Roaming\Code\User\workspaceStorage\13bbd024f32334e9f4d3f1f7c7ce5339\redhat.java -Daether.dependencyCollector.impl=bf 
java_command: c:\Users\pranj\.vscode\extensions\redhat.java-1.56.0-win32-x64\server\plugins\org.eclipse.equinox.launcher_1.8.0.v20260804-1928.jar -configuration c:\Users\pranj\AppData\Roaming\Code\User\globalStorage\redhat.java\1.56.0\config_win -data c:\Users\pranj\AppData\Roaming\Code\User\workspaceStorage\13bbd024f32334e9f4d3f1f7c7ce5339\redhat.java\jdt_ws --stdio
java_class_path (initial): c:\Users\pranj\.vscode\extensions\redhat.java-1.56.0-win32-x64\server\plugins\org.eclipse.equinox.launcher_1.8.0.v20260804-1928.jar
Launcher Type: SUN_STANDARD

[Global flags]
    uintx AdaptiveSizePolicyWeight                 = 90                                        {product} {command line}
     intx CICompilerCount                          = 4                                         {product} {ergonomic}
    uintx GCTimeRatio                              = 4                                         {product} {command line}
     bool HeapDumpOnOutOfMemoryError               = true                                   {manageable} {command line}
    ccstr HeapDumpPath                             = c:\Users\pranj\AppData\Roaming\Code\User\workspaceStorage\13bbd024f32334e9f4d3f1f7c7ce5339\redhat.java         {manageable} {command line}
   size_t InitialHeapSize                          = 104857600                                 {product} {command line}
   size_t MaxHeapSize                              = 2147483648                                {product} {command line}
   size_t MaxNewSize                               = 715653120                                 {product} {ergonomic}
   size_t MinHeapDeltaBytes                        = 524288                                    {product} {ergonomic}
   size_t MinHeapSize                              = 104857600                                 {product} {command line}
   size_t NewSize                                  = 34603008                                  {product} {ergonomic}
    uintx NonNMethodCodeHeapSize                   = 5839372                                {pd product} {ergonomic}
    uintx NonProfiledCodeHeapSize                  = 122909434                              {pd product} {ergonomic}
   size_t OldSize                                  = 70254592                                  {product} {ergonomic}
    uintx ProfiledCodeHeapSize                     = 122909434                              {pd product} {ergonomic}
    uintx ReservedCodeCacheSize                    = 251658240                              {pd product} {ergonomic}
     bool SegmentedCodeCache                       = true                                      {product} {ergonomic}
   size_t SoftMaxHeapSize                          = 2147483648                             {manageable} {ergonomic}
     bool UseCompressedOops                        = true                           {product lp64_product} {ergonomic}
     bool UseLargePagesIndividualAllocation        = false                                  {pd product} {ergonomic}
     bool UseParallelGC                            = true                                      {product} {command line}

Logging:
Log output configuration:
 #0: stdout all=off uptime,level,tags foldmultilines=false
 #1: stderr all=off uptime,level,tags foldmultilines=false

Release file:
JAVA_VERSION="21.0.12.1" 
MODULES="java.base java.compiler java.datatransfer java.xml java.prefs java.desktop java.instrument java.logging java.management java.security.sasl java.naming java.rmi java.management.rmi java.net.http java.scripting java.security.jgss java.transaction.xa java.sql java.sql.rowset java.xml.crypto java.se java.smartcardio jdk.accessibility jdk.internal.jvmstat jdk.attach jdk.charsets jdk.internal.opt jdk.zipfs jdk.compiler jdk.crypto.ec jdk.crypto.cryptoki jdk.crypto.mscapi jdk.dynalink jdk.internal.ed jdk.editpad jdk.hotspot.agent jdk.httpserver jdk.internal.le jdk.internal.vm.ci jdk.internal.vm.compiler jdk.internal.vm.compiler.management jdk.jartool jdk.javadoc jdk.jcmd jdk.management jdk.management.agent jdk.jconsole jdk.jdeps jdk.jdwp.agent jdk.jdi jdk.jfr jdk.jshell jdk.jsobject jdk.jstatd jdk.localedata jdk.management.jfr jdk.naming.dns jdk.naming.rmi jdk.net jdk.nio.mapmode jdk.random jdk.sctp jdk.security.auth jdk.security.jgss jdk.unsupported jdk.unsupported.desktop jdk.xml.dom" 

Environment Variables:
JAVA_HOME=C:\Users\pranj\AppData\Local\Programs\Eclipse Adoptium\jdk-21.0.11.10-hotspot
PATH=C:\Program Files\Common Files\Oracle\Java\javapath;C:\Program Files\Python38\Scripts\;C:\Program Files\Python38\;C:\Program Files\Python311\Scripts\;C:\Program Files\Python311\;C:\WINDOWS\system32;C:\WINDOWS;C:\WINDOWS\System32\Wbem;C:\WINDOWS\System32\WindowsPowerShell\v1.0\;C:\WINDOWS\System32\OpenSSH\;C:\Program Files\dotnet\;C:\Users\pranj\Downloads\python-3.11.0-embed-amd64;C:\Program Files\MongoDB\mongosh-1.10.6-win32-x64\bin;C:\Program Files\nodejs\;C:\Program Files\Git\cmd;C:\Program Files\Java\jdk-25.0.2\bin;C:\Program Files\apache-maven-3.9.12\bin;C:\Program Files\MySQL\MySQL Server 8.0\bin;;C:\Program Files\Docker\Docker\resources\bin;C:\Users\pranj\AppData\Local\Programs\Eclipse Adoptium\jdk-21.0.11.10-hotspot\bin;C:\Users\pranj\AppData\Local\Programs\Microsoft VS Code\bin
USERNAME=pranj
OS=Windows_NT
PROCESSOR_IDENTIFIER=Intel64 Family 6 Model 140 Stepping 2, GenuineIntel
TMP=C:\Users\pranj\AppData\Local\Temp
TEMP=C:\Users\pranj\AppData\Local\Temp




Periodic native trim disabled

---------------  S Y S T E M  ---------------

OS:
 Windows 11 , 64 bit Build 26100 (10.0.26100.9444)
OS uptime: 0 days 22:32 hours
Hyper-V role detected

CPU: total 8 (initial active 8) (4 cores per cpu, 2 threads per core) family 6 model 140 stepping 2 microcode 0x3c, cx8, cmov, fxsr, ht, mmx, 3dnowpref, sse, sse2, sse3, ssse3, sse4.1, sse4.2, popcnt, lzcnt, tsc, tscinvbit, avx, avx2, aes, erms, clmul, bmi1, bmi2, adx, avx512f, avx512dq, avx512cd, avx512bw, avx512vl, sha, fma, vzeroupper, avx512_vpopcntdq, avx512_vpclmulqdq, avx512_vaes, avx512_vnni, clflush, clflushopt, clwb, avx512_vbmi2, avx512_vbmi, hv, rdtscp, rdpid, fsrm, gfni, avx512_bitalg, f16c, cet_ibt, cet_ss, avx512_ifma
Processor Information for processor 0
  Max Mhz: 2496, Current Mhz: 2496, Mhz Limit: 2496
Processor Information for processor 1
  Max Mhz: 2496, Current Mhz: 2496, Mhz Limit: 2496
Processor Information for processor 2
  Max Mhz: 2496, Current Mhz: 2496, Mhz Limit: 2496
Processor Information for processor 3
  Max Mhz: 2496, Current Mhz: 998, Mhz Limit: 2496
Processor Information for processor 4
  Max Mhz: 2496, Current Mhz: 2496, Mhz Limit: 2496
Processor Information for processor 5
  Max Mhz: 2496, Current Mhz: 2496, Mhz Limit: 2496
Processor Information for processor 6
  Max Mhz: 2496, Current Mhz: 998, Mhz Limit: 2496
Processor Information for processor 7
  Max Mhz: 2496, Current Mhz: 998, Mhz Limit: 2496

Memory: 4k page, system-wide physical 16122M (202M free)
TotalPageFile size 59395M (AvailPageFile size 92M)
current process WorkingSet (physical memory assigned to process): 264M, peak: 705M
current process commit charge ("private bytes"): 1600M, peak: 1602M

vm_info: OpenJDK 64-Bit Server VM (21.0.12.1+1-LTS) for windows-amd64 JRE (21.0.12.1+1-LTS), built on 2026-08-18T00:00:00Z by "admin" with MS VC++ 17.12 (VS2022)

END.
